organisat	governorate	district	photo	environment	phone	household	men	women	boys	girls	individual	water_access	water_quality	electric	openelement	damage	hazards	mines	fighting	geo	Improvised_Shelter	Tent	Individual_mud_building	Individual_mix_building	Individual_concrete_building	Shop	Apartment_block	Under_construction	class
iom	Erbil	Soran	1413200582513.jpg	city_suburb	7503168436	14	17	15	26	20	78	no	no	no	no	no	no	no	no	36.5819715578303,44.5428834707495	0	0	0	1	0	0	0	0	b. 50-99
iom	Erbil	Soran	1413203722351.jpg	city_suburb	7504250981	38	56	52	33	31	172	no	no	no	no	no	no	no	no	36.6648320423366,44.5480909146771	0	0	0	1	0	0	0	0	c. 100-249
iom	Erbil	Soran	1413271601449.jpg	city_suburb	7707417324	5	5	7	1	0	13	no	no	no	no	no	no	no	no	36.6971180603577,44.4776916594407	0	0	0	0	0	0	1	0	a. 0-49
iom	Erbil	Koisnjaq	1413282734359.jpg	town	7700443635	13	18	19	16	16	69	min	no	no	no	no	no	no	no	36.0854602484613,44.6309744601212	0	0	0	0	0	0	1	0	b. 50-99
iom	Erbil	Koisnjaq	1413284411992.jpg	town	7503195657	9	8	12	11	11	42	no	no	no	no	no	no	no	no	36.0795733629437,44.6494808659997	0	0	0	1	0	1	0	0	a. 0-49
iom	Erbil	Koisnjaq	1413285666062.jpg	town	7507985129	6	6	9	11	5	31	no	no	no	min	no	no	no	no	36.080092144056,44.6473504122257	0	0	0	0	0	0	0	1	a. 0-49
iom	Erbil	Erbil	1413209510742.jpg	city_centre	7707464083	230	258	380	209	310	1157	mod	maj	maj	mod	no	no	no	no	36.2465718470101,44.00963494026	0	0	0	0	0	0	0	0	f. >1000
iom	Erbil	Koisnjaq	1413288156746.jpg	isolated	7501127555	11	13	14	12	13	52	no	no	no	min	no	no	no	no	36.098765355346,44.6562366299713	0	0	0	0	0	0	0	0	b. 50-99
iom	Erbil	Erbil	1413183979305.jpg	city_suburb	7507726211	97	57	54	53	36	200	min	min	min	no	no	no	no	no	36.2376690813856,44.0094771278398	0	0	0	0	0	0	0	1	c. 100-249
iom	Erbil	Koisnjaq	1413290325020.jpg	isolated	7501127555	7	7	5	8	10	30	maj	maj	no	no	no	no	no	no	36.0922936820047,44.6210561623697	0	0	0	0	0	0	1	0	a. 0-49
iom	Erbil	Erbil	1413186559734.jpg	city_suburb	7701662998	236	281	257	167	133	838	maj	no	no	no	no	no	no	no	36.2414314842607,43.989958400237	0	0	0	0	0	0	0	1	e. 500-2000
iom	Erbil	Erbil	1413211364096.jpg	city_centre	7504408425	120	52	69	128	118	367	mod	maj	min	min	min	no	no	no	36.2345850641099,43.9936288191443	0	0	0	0	0	0	0	0	d. 250-499
iom	Erbil	Koisnjaq	1413291747230.jpg	town	7800195803	12	12	15	12	13	52	maj	no	no	min	no	min	no	no	36.0774219787601,44.6267194935296	0	0	0	0	0	0	1	0	b. 50-99
iom	Erbil	Erbil	1413215646427.jpg	city_suburb	7702060725	203	253	242	145	103	743	mod	maj	maj	maj	no	no	no	no	36.2040710111404,44.1206975130089	0	0	0	0	0	0	0	0	e. 500-2000
iom	Erbil	Erbil	1413188869390.jpg	city_suburb	7510618114	60	71	61	39	49	220	mod	mod	min	no	no	no	no	no	36.2331914195646,43.9871840725361	0	0	0	0	0	1	0	0	c. 100-249
iom	Erbil	Erbil	1413191744694.jpg	city_suburb	7701694805	60	49	61	48	39	197	mod	min	min	no	no	no	no	no	36.2337588047513,44.0020710036621	0	0	0	0	0	1	0	0	c. 100-249
iom	Erbil	Koisnjaq	1413294630136.jpg	town	7703867200	11	18	15	13	10	56	no	no	no	no	no	no	no	no	36.0764688017301,44.5886512449124	0	0	0	0	0	0	1	0	b. 50-99
iom	Erbil	Erbil	1413295042515.jpg	city_centre	7708555576	120	187	163	125	189	664	min	mod	mod	maj	no	no	no	no	36.2280844100883,43.9917166599423	0	0	0	0	0	0	0	0	e. 500-2000
iom	Dahuk	Sumel	1413273037007.jpg	city_suburb	7508641331	5	5	6	5	6	22	no	no	no	min	no	no	no	no	36.7553320429706,42.9231693157532	0	0	0	1	0	0	0	0	a. 0-49
iom	Dahuk	Sumel	1413272377946.jpg	city_centre	7507870216	6	7	11	10	10	38	mod	mod	mod	mod	mod	mod	no	no	36.8503959088099,42.8576299433285	0	0	0	0	0	0	0	1	a. 0-49
iom	Dahuk	Sumel	1413273210957.jpg	city_centre	7507732596	7	9	10	8	9	36	min	min	no	no	no	no	no	no	36.8503866031669,42.8567565220156	0	0	0	0	0	0	0	1	a. 0-49
iom	Dahuk	Sumel	1413273742267.jpg	city_centre	7507732144	53	61	86	53	15	215	mod	mod	mod	mod	mod	no	no	no	36.8506582629905,42.8545032210508	0	0	0	0	0	0	0	1	c. 100-249
iom	Erbil	Soran	1413187600735.jpg	city_suburb	7701742357	20	19	22	24	26	91	no	no	no	no	no	no	no	no	36.6715608685546,44.5304189994432	0	0	0	0	0	0	0	0	b. 50-99
iom	Erbil	Soran	1413268338295.jpg	city_suburb	7597380008	39	48	54	38	46	186	no	no	no	no	no	no	no	no	36.6001656350299,44.5062814609087	0	0	0	1	0	0	0	0	c. 100-249
drc	Dahuk	Sumel	1413269254649.jpg	city_suburb	7710167132	20	23	18	15	17	73	no	maj	no	no	no	no	no	no	36.7548695812002,42.9313416033983	0	0	0	0	0	0	0	1	b. 50-99
drc	Dahuk	Sumel	1413270308325.jpg	city_suburb	7709982552	5	8	8	5	3	24	no	maj	no	no	no	no	no	no	36.7543637752533,42.9315399192274	0	0	0	1	0	0	0	0	a. 0-49
drc	Dahuk	Sumel	1413275337570.jpg	city_suburb	7507031885	21	50	35	70	65	220	no	no	no	no	no	no	no	no	36.7801144905388,42.930196383968	0	0	0	0	0	0	0	1	c. 100-249
drc	Dahuk	Sumel	1413275818503.jpg	isolated	7503778402	20	25	35	40	30	130	maj	no	no	no	no	no	no	no	36.7794919665903,42.9302912671119	0	0	0	0	0	0	0	1	c. 100-249
drc	Dahuk	Sumel	1413276960258.jpg	isolated	7508209659	25	95	35	20	25	175	no	maj	no	no	no	no	no	no	36.7842810926959,42.9339751135558	0	0	0	0	0	0	0	1	c. 100-249
drc	Dahuk	Sumel	1413278642388.jpg	isolated	7507581713	10	20	21	18	17	76	no	no	no	no	no	no	no	no	36.7699979525059,42.9697663430125	0	0	0	0	0	0	0	1	b. 50-99
drc	Dahuk	Sumel	1413279216485.jpg	isolated	7501939655	5	12	6	5	2	25	no	no	no	no	no	no	no	no	36.7689514299855,42.9687119834125	0	0	0	0	0	0	0	1	a. 0-49
iom	Erbil	Makhmur	1413271450939.jpg	isolated	7504436470	12	8	11	6	15	40	maj	mod	min	maj	mod	min	no	min	35.9288028719998,43.8545299586901	1	1	0	0	1	0	0	0	a. 0-49
drc	Dahuk	Sumel	1413279773346.jpg	isolated	7507857087	5	8	9	6	5	28	no	min	no	no	no	no	no	no	36.7696380754933,42.970280488953	0	0	0	0	0	0	0	1	a. 0-49
iom	Erbil	Erbil	1413277463769.jpg	isolated	7701762142	50	80	100	40	30	250	mod	min	no	maj	maj	maj	no	no	36.1735869822,43.9336284889967	0	0	0	0	0	0	0	0	d. 250-499
drc	Dahuk	Sumel	1413280535933.jpg	isolated	7508542620	5	9	10	7	6	32	no	no	no	no	no	no	no	no	36.7693395959213,42.9798831325024	0	0	0	0	0	0	0	1	a. 0-49
drc	Dahuk	Sumel	1413281652834.jpg	isolated	7507047822	5	12	9	5	7	33	no	no	maj	no	no	no	no	no	36.7973889224231,43.0263135116547	0	0	0	0	0	0	0	1	a. 0-49
drc	Dahuk	Sumel	1413282941673.jpg	isolated	7507642108	5	5	5	5	6	21	no	no	no	no	no	no	no	no	36.7730313632637,43.0124258715659	0	0	0	0	0	0	0	1	a. 0-49
drc	Dahuk	Sumel	1413288305304.jpg	isolated	7701883435	14	8	9	25	30	72	no	no	no	no	no	no	no	no	36.7398462770507,42.8818948287517	0	0	0	0	0	0	0	1	b. 50-99
iom	Erbil	Erbil	1413182666821.jpg	city_suburb	7701663897	145	240	251	115	139	745	no	no	no	no	no	no	no	no	36.2338721656268,44.0056426512118	0	0	0	0	0	0	1	0	e. 500-2000
iom	Erbil	Erbil	1413185411659.jpg	city_suburb	7701800725	13	22	19	5	1	47	min	no	no	no	no	no	no	no	36.2358556342493,43.9968564895782	0	0	0	0	0	1	0	0	a. 0-49
iom	Erbil	Erbil	1413187531271.jpg	city_suburb	7701630145	100	120	185	88	91	484	min	min	no	no	min	no	no	no	36.236680982013,43.9909619734182	0	0	0	0	0	0	0	1	d. 250-499
iom	Erbil	Erbil	1413267443481.jpg	city_suburb	7500166893	50	27	33	56	32	148	no	min	no	no	no	no	no	no	36.2323822576709,43.9869787377845	0	0	0	0	0	0	0	0	c. 100-249
iom	Erbil	Erbil	1413273416817.jpg	city_suburb	7703032639	80	100	100	75	75	350	min	min	no	no	no	no	no	no	36.2349793459865,43.9881828346497	0	0	0	0	0	0	0	0	d. 250-499
iom	Erbil	Koisnjaq	1413195617591.jpg	city_suburb	7705962427	50	52	62	33	38	185	mod	maj	no	no	no	no	no	no	36.0663999274916,44.6071483884997	0	0	0	0	0	0	1	0	c. 100-249
iom	Erbil	Koisnjaq	1413198485129.jpg	city_suburb	7702506250	23	45	35	26	27	133	no	maj	no	no	no	no	no	no	36.0684857096632,44.6083145660846	0	0	0	1	0	0	1	0	c. 100-249
iom	Erbil	Koisnjaq	1413202103889.jpg	town	7501132956	14	27	25	4	6	62	maj	no	no	maj	no	no	no	no	36.0830154073923,44.6302002213834	0	0	0	0	0	0	1	0	b. 50-99
iom	Erbil	Koisnjaq	1413203696157.jpg	town	7501132956	51	70	60	40	35	205	no	no	no	min	no	no	no	no	36.0889947314202,44.6547094085497	0	0	0	0	0	0	1	0	c. 100-249
iom	Erbil	Koisnjaq	1413206062190.jpg	town	7507201936	12	15	16	16	14	61	no	no	maj	mod	no	no	no	no	36.0869299265701,44.6515267451356	0	0	0	0	0	0	0	1	b. 50-99
iom	Erbil	Erbil	1413206325523.jpg	city_centre	7508419322	325	450	430	232	257	1369	maj	mod	maj	mod	no	no	no	no	36.1869319391286,44.0108620010607	0	0	0	0	0	0	0	0	f. >1000
iom	Erbil	Erbil	1413208682041.jpg	city_centre	7708855576	110	109	143	133	174	559	mod	mod	mod	mod	no	no	no	no	36.1976218165196,44.0098814310513	0	0	0	0	0	0	0	0	e. 500-2000
reach	Dahuk	Zakho	1413274288426.jpg	city_suburb	7502135783	7	8	6	14	4	32	no	no	no	mod	min	no	no	no	37.1709940771281,42.749704106052	0	0	0	0	0	0	0	1	a. 0-49
reach	Dahuk	Zakho	1413273675401.jpg	town	7507859602	6	8	9	10	12	39	no	no	no	min	no	no	no	no	37.170785830706,42.7494756321936	0	0	0	0	0	0	0	1	a. 0-49
reach	Dahuk	Zakho	1413274714816.jpg	city_suburb	7501135906	7	9	13	11	9	42	no	no	no	mod	no	no	no	no	37.1707378585962,42.7495830964186	0	0	0	0	0	0	0	1	a. 0-49
unhcr	Dahuk	Zakho	1413268555029.jpg	city_centre	7507021579	14	23	20	10	9	62	no	no	min	mod	no	no	no	no	37.1588250067481,42.7196547425954	0	0	0	0	0	0	0	1	b. 50-99
unhcr	Dahuk	Zakho	1413269185289.jpg	city_centre	7503978114	5	8	9	11	4	32	no	no	min	min	no	no	no	no	37.1586221167462,42.7201895331227	0	0	0	0	0	0	0	1	a. 0-49
unhcr	Dahuk	Zakho	1413269648704.jpg	city_centre	7507833990	7	5	16	11	18	50	no	no	no	no	no	no	no	no	37.1579128429878,42.719682229908	0	0	0	0	0	0	0	1	b. 50-99
unhcr	Dahuk	Zakho	1413270801932.jpg	city_centre	7507848361	5	9	6	9	8	32	no	no	no	no	no	no	no	no	37.1557319302077,42.7225929880116	0	0	0	0	0	0	0	1	a. 0-49
unhcr	Dahuk	Zakho	1413272433240.jpg	city_centre	7503326635	5	5	6	3	3	17	no	no	no	no	no	no	no	no	37.1566470024922,42.717853038873	0	0	0	0	0	0	0	1	a. 0-49
unhcr	Dahuk	Zakho	1413272953088.jpg	city_centre	7507218717	8	10	15	20	25	70	no	no	no	no	no	no	no	no	37.1574384804569,42.7167759683445	0	0	0	0	0	0	0	1	b. 50-99
reach	Dahuk	Zakho	1413277551659.jpg	city_suburb	7503929175	6	8	9	9	10	36	no	no	min	mod	min	no	no	no	37.18379985074,42.7850260958964	0	0	0	0	0	0	0	1	a. 0-49
unhcr	Dahuk	Zakho	1413273299515.jpg	city_centre	7503044114	5	6	6	5	5	22	no	no	no	no	no	no	no	no	37.1580149586981,42.7167876383947	0	0	0	0	0	0	0	1	a. 0-49
reach	Dahuk	Zakho	1413274615899.jpg	city_suburb	7503263234	5	5	5	9	12	31	no	no	no	mod	no	no	no	no	37.1709493131785,42.7493860222982	0	0	0	0	0	0	0	1	a. 0-49
unhcr	Dahuk	Zakho	1413273658204.jpg	city_centre	7503112840	14	16	18	10	14	58	no	no	no	no	no	min	no	no	37.1584839631316,42.7176663581305	0	0	0	0	0	1	0	0	b. 50-99
unhcr	Dahuk	Zakho	1413280420144.jpg	city_centre	7507769217	7	9	11	10	15	45	no	no	no	no	no	no	no	no	37.1544298030389,42.7184945646698	0	0	0	0	0	0	0	1	a. 0-49
unhcr	Dahuk	Zakho	1413281088007.jpg	city_centre	7508825953	7	8	10	10	5	33	no	no	no	no	no	no	no	no	37.1554257545654,42.7168660227854	0	0	0	0	0	0	0	1	a. 0-49
unhcr	Dahuk	Zakho	1413281295156.jpg	city_centre	7507856816	5	5	7	10	8	30	no	no	no	no	no	no	no	no	37.1552076804364,42.7167161981765	0	0	0	0	0	0	0	1	a. 0-49
unhcr	Dahuk	Zakho	1413281475043.jpg	city_centre	7503131431	5	5	5	8	7	25	no	no	no	no	no	no	no	no	37.1549413721759,42.7163298564813	0	0	0	0	0	0	0	1	a. 0-49
unhcr	Dahuk	Zakho	1413281677844.jpg	city_centre	7507971087	8	10	13	15	11	49	no	no	no	no	no	no	no	no	37.1545677993762,42.7170019741109	0	0	0	0	0	0	0	1	a. 0-49
unhcr	Dahuk	Zakho	1413282182344.jpg	city_centre	7508822823	8	8	11	10	6	35	no	no	no	no	no	no	no	no	37.1556052981112,42.7160122233303	0	0	0	0	0	0	0	1	a. 0-49
unhcr	Dahuk	Zakho	1413282983713.jpg	city_centre	7507354596	11	13	15	18	23	69	no	no	no	no	min	no	no	no	37.1553558715624,42.7149521860258	0	0	0	1	0	0	0	1	b. 50-99
unhcr	Dahuk	Zakho	1413283908275.jpg	city_centre	7504399666	7	12	11	9	15	47	no	no	no	no	no	no	no	no	37.1539999898889,42.7151088283957	0	0	0	1	0	0	0	1	a. 0-49
reach	Dahuk	Zakho	1413277963619.jpg	city_suburb	7503049192	11	23	17	30	24	94	min	no	mod	mod	no	no	no	no	37.1831731600558,42.7860138236784	0	0	0	0	0	0	0	1	b. 50-99
reach	Dahuk	Zakho	1413275425638.jpg	city_suburb	7507895341	5	6	6	9	7	28	no	no	min	mod	no	no	no	no	37.1679882629574,42.7499685222267	0	0	0	1	0	0	0	0	a. 0-49
reach	Dahuk	Zakho	1413279301822.jpg	city_suburb	7503279752	5	6	9	10	9	34	no	no	min	mod	min	no	no	no	37.1805136173394,42.787065734905	0	0	0	0	0	0	0	1	a. 0-49
reach	Dahuk	Zakho	1413277206005.jpg	city_suburb	7502144983	7	9	8	12	8	37	no	no	min	mod	no	no	no	no	37.1833712415855,42.7849799181613	0	0	0	0	0	0	0	1	a. 0-49
reach	Dahuk	Zakho	1413276135521.jpg	town	7507868691	6	9	6	8	2	25	mod	no	min	mod	mod	min	no	no	37.1936719837227,42.8553106861878	0	0	0	0	0	0	0	1	a. 0-49
reach	Dahuk	Zakho	1413279046504.jpg	city_suburb	7503485262	5	6	7	15	13	41	no	no	min	mod	no	no	no	no	37.1807874300491,42.7870921914659	0	0	0	0	0	0	0	1	a. 0-49
reach	Dahuk	Zakho	1413279762322.jpg	city_suburb	7507542937	6	6	8	10	12	36	no	no	no	min	min	no	no	no	37.1802486372213,42.7857074602861	0	0	0	0	0	0	0	1	a. 0-49
reach	Dahuk	Zakho	1413280172868.jpg	city_suburb	7501925519	5	7	4	8	6	25	no	no	min	mod	no	no	no	no	37.1813357613872,42.7864404180441	0	0	0	0	0	0	0	1	a. 0-49
reach	Dahuk	Zakho	1413278067848.jpg	isolated	7507206390	20	61	45	80	60	246	maj	mod	maj	maj	mod	no	no	no	37.1779197764508,42.8637013744923	0	0	0	0	0	0	0	0	c. 100-249
reach	Dahuk	Zakho	1413282663941.jpg	city_suburb	7501303794	5	6	8	10	9	33	no	no	no	no	no	no	no	no	37.1920456366799,42.8162001006644	0	0	0	0	0	1	0	0	a. 0-49
reach	Dahuk	Zakho	1413279674557.jpg	city_suburb	7507737154	6	7	6	14	9	36	no	no	min	mod	no	no	no	no	37.1808031376949,42.7858442568596	0	0	0	0	0	0	0	1	a. 0-49
frc	Dahuk	Sumel	1413270236852.jpg	town	7700513269	8	8	6	6	13	33	min	no	min	mod	min	no	no	no	36.9576560778932,42.7302766298499	0	0	0	0	0	0	0	1	a. 0-49
frc	Dahuk	Sumel	1413272233534.jpg	town	7507869260	6	7	6	9	11	33	no	no	no	mod	min	no	no	no	36.9133602762459,42.7843974447895	0	1	0	0	0	0	0	0	a. 0-49
frc	Dahuk	Sumel	1413272817653.jpg	town	7503236428	6	6	6	5	7	24	no	no	no	mod	min	no	no	no	36.9124979477515,42.7844987616983	0	0	0	0	0	0	0	1	a. 0-49
reach	Dahuk	Zakho	1413282834663.jpg	town	7502131048	7	15	17	9	7	48	no	min	min	min	min	min	no	no	37.1863612201507,42.9453234344231	0	0	0	1	0	0	0	0	a. 0-49
reach	Dahuk	Zakho	1413283694868.jpg	city_suburb	7506276478	80	95	88	120	150	453	min	no	no	mod	no	no	no	no	37.1989788660733,42.8178060667748	0	0	0	1	0	0	0	0	d. 250-499
frc	Dahuk	Sumel	1413273985455.jpg	town	7507013915	16	18	23	29	23	93	mod	mod	min	min	no	no	no	no	36.9089128373505,42.7928115159795	0	0	0	1	0	0	0	0	b. 50-99
frc	Dahuk	Sumel	1413276535865.jpg	town	7504228868	35	37	44	53	47	181	no	no	min	mod	no	no	no	no	36.9159021074715,42.7827809450242	0	0	0	1	0	0	0	0	c. 100-249
frc	Dahuk	Sumel	1413277700039.jpg	town	7507859710	8	18	15	15	15	63	no	mod	no	mod	min	no	no	no	36.9221950699845,42.7616110208611	0	0	0	0	0	0	0	1	b. 50-99
frc	Dahuk	Sumel	1413278739777.jpg	town	7508339663	5	6	5	3	7	21	min	mod	min	mod	min	no	no	no	36.9239800512544,42.7620431819185	0	0	0	0	0	0	0	1	a. 0-49
frc	Dahuk	Sumel	1413287012459.jpg	town	7507469629	7	8	8	12	12	40	no	no	no	mod	min	no	no	no	36.9614346381034,42.6769426305786	0	0	0	0	0	0	0	1	a. 0-49
frc	Dahuk	Sumel	1413287428501.jpg	town	7507398125	8	10	7	9	12	38	no	mod	no	mod	min	no	no	no	36.9617097016106,42.676378022939	0	0	0	0	0	0	0	1	a. 0-49
frc	Dahuk	Sumel	1413288144153.jpg	town	7507794379	10	16	15	15	19	65	no	no	no	min	min	no	no	no	36.9604899448023,42.6763353699598	0	0	0	0	0	0	0	1	b. 50-99
frc	Dahuk	Sumel	1413288885567.jpg	town	7501686474	8	12	15	15	19	61	min	min	no	min	min	no	no	no	36.9626794306295,42.6753610350801	0	0	0	0	0	0	0	1	b. 50-99
frc	Dahuk	Sumel	1413289799518.jpg	town	7503439109	9	9	14	15	23	61	min	min	no	mod	min	no	no	no	36.957326043123,42.6789274927826	0	0	0	0	0	0	0	1	b. 50-99
frc	Dahuk	Sumel	1413290754042.jpg	town	7503742041	14	14	18	40	16	88	min	no	no	mod	min	no	no	no	36.9568177870773,42.6808107697413	0	0	0	0	0	0	0	1	b. 50-99
frc	Dahuk	Sumel	1413291501261.jpg	town	7504168539	13	20	20	15	10	65	min	no	no	mod	no	no	no	no	36.9578848851146,42.6811592961689	0	0	1	0	0	0	0	1	b. 50-99
reach	Dahuk	Zakho	1413283862736.jpg	town	7507118438	5	6	8	7	6	27	no	min	no	mod	mod	mod	no	no	37.1858224791104,42.9455668671306	0	0	1	0	0	0	0	0	a. 0-49
iom	Dahuk	Sumel	1413274573973.jpg	city_centre	7503245813	18	19	22	45	33	119	mod	mod	mod	mod	no	no	no	no	36.8510856877501,42.8544088369488	0	0	0	0	0	1	0	0	c. 100-249
iom	Dahuk	Sumel	1413275871036.jpg	city_centre	7507286799	33	31	40	35	61	167	min	min	min	no	min	no	no	no	36.8551087822754,42.8505028716059	0	0	0	0	0	0	0	1	c. 100-249
iom	Dahuk	Sumel	1413277291435.jpg	city_centre	7507288052	6	6	8	8	6	28	maj	maj	mod	maj	min	min	no	no	36.8569083700316,42.8364154546129	0	0	0	0	0	0	0	1	a. 0-49
iom	Dahuk	Sumel	1413278392400.jpg	city_centre	7503325381	14	23	20	31	30	104	no	no	no	no	no	no	no	no	36.8612409268239,42.8356965527477	0	0	0	0	0	0	0	1	c. 100-249
iom	Dahuk	Sumel	1413278934079.jpg	city_centre	7503485249	12	16	17	30	28	91	min	min	no	no	no	no	no	no	36.8614877937174,42.8354018584337	0	0	0	0	0	0	0	1	b. 50-99
iom	Dahuk	Sumel	1413279668390.jpg	city_centre	5703482938	12	16	16	19	12	63	mod	mod	min	mod	no	no	no	no	36.8602289827828,42.8341182640631	0	0	0	0	0	0	0	1	b. 50-99
iom	Dahuk	Sumel	1413280222403.jpg	city_centre	7507287771	8	16	8	15	13	52	mod	mod	min	mod	no	no	no	no	36.8603261365631,42.8338311068785	0	0	0	0	0	0	0	1	b. 50-99
iom	Dahuk	Sumel	1413280892884.jpg	city_centre	7508831784	5	8	10	10	10	38	min	min	maj	min	no	no	no	no	36.8592008911103,42.8339198685307	0	0	0	0	0	0	0	1	a. 0-49
iom	Dahuk	Sumel	1413281565469.jpg	city_centre	5703058432	9	15	17	15	10	57	min	min	maj	mod	no	no	no	no	36.8514902365569,42.8476415071334	0	0	0	0	0	0	0	1	b. 50-99
iom	Sulaymaniyah	Sulaymaniya	1413269926031.jpg	city_centre	7705993939	43	40	31	32	20	123	no	no	no	no	min	min	no	no	35.5414860280771,45.4036321980807	0	0	0	1	0	0	0	0	c. 100-249
iom	Sulaymaniyah	Sulaymaniya	1413279318186.jpg	city_centre	7701532148	50	58	67	23	33	181	no	no	no	no	no	no	no	no	35.5643715214561,45.4087714410381	0	0	0	0	0	0	1	0	c. 100-249
iom	Sulaymaniyah	Sulaymaniya	1413282577604.jpg	city_suburb	7507620142	6	10	7	7	11	35	maj	mod	mod	min	mod	min	no	no	35.5901038867004,45.3221391376423	0	0	0	0	0	0	0	1	a. 0-49
iom	Sulaymaniyah	Sulaymaniya	1413284474718.jpg	isolated	7501199809	6	6	10	8	7	31	min	min	maj	no	min	min	no	no	35.5983229339978,45.3172695266396	0	0	0	0	0	0	0	1	a. 0-49
iom	Sulaymaniyah	Sulaymaniya	1413289628226.jpg	city_suburb	7701214710	8	15	15	9	13	52	no	mod	no	no	min	mod	no	no	35.5971324044644,45.2393783930064	0	0	1	1	0	0	0	0	b. 50-99
iom	Sulaymaniyah	Sulaymaniya	1413197538528.jpg	city_suburb	7507867876	5	7	7	10	5	29	no	min	min	maj	no	mod	no	no	35.5901324027683,45.3180728521466	0	0	0	1	0	0	0	1	a. 0-49
iom	Sulaymaniyah	Sulaymaniya	1413268022573.jpg	city_centre	7709938132	39	44	47	28	33	152	no	no	no	no	no	no	no	no	35.5615624538008,45.3963244354246	0	0	0	0	0	0	1	0	c. 100-249
iom	Sulaymaniyah	Sulaymaniya	1413274621538.jpg	city_centre	7718838517	48	62	60	46	37	205	no	no	no	no	no	no	no	no	35.5535803098726,45.44620588539	0	0	0	1	0	0	0	0	c. 100-249
iom	Sulaymaniyah	Sulaymaniya	1413283437183.jpg	city_suburb	7502129516	5	8	7	6	6	27	min	mod	maj	maj	min	mod	no	no	35.5922419242954,45.3193123140002	0	0	0	1	0	0	0	1	a. 0-49
harikar	Dahuk	Sumel	1413099433060.jpg	city_suburb	7507856771	14	17	17	36	22	92	no	no	min	no	mod	min	no	no	36.8591089926784,42.8377242746371	0	0	0	0	0	0	0	1	b. 50-99
harikar	Dahuk	Sumel	1413101657595.jpg	city_suburb	7508234391	16	15	16	27	26	84	mod	mod	maj	no	no	no	no	no	36.8628988005146,42.8431688027019	0	0	0	1	0	0	0	0	b. 50-99
harikar	Dahuk	Sumel	1413099490102.jpg	city_centre	7508828834	12	25	23	20	15	83	mod	maj	maj	maj	no	no	no	no	36.8602355626888,42.8337065496757	0	0	0	0	0	0	0	1	b. 50-99
harikar	Dahuk	Sumel	1413100761206.jpg	city_centre	7503046793	10	15	20	12	15	62	min	min	mod	mod	no	no	no	no	36.8611383867478,42.8349854098651	0	0	0	0	0	0	0	1	b. 50-99
harikar	Dahuk	Sumel	1413101345903.jpg	city_centre	7507948139	14	22	35	19	22	98	min	min	mod	maj	no	no	no	no	36.8612966914428,42.8356757830204	0	0	0	0	0	0	0	1	b. 50-99
harikar	Dahuk	Sumel	1413100498332.jpg	city_suburb	7503044737	10	8	10	13	10	41	min	min	no	no	no	no	no	no	36.867373811977,42.8328364337689	0	0	0	0	0	1	0	0	a. 0-49
harikar	Dahuk	Sumel	1413102618986.jpg	isolated	7507481303	10	8	12	5	6	31	no	no	min	no	no	no	no	min	36.8558841373828,42.8314678382707	0	0	0	0	0	0	0	0	a. 0-49
frc	Dahuk	Sumel	1413096589333.jpg	city_centre	7501625125	28	48	46	39	35	168	min	min	no	maj	min	no	no	no	36.8550208795928,42.8505672503395	0	0	0	0	0	0	0	1	c. 100-249
frc	Dahuk	Sumel	1413104118382.jpg	city_centre	7503245813	67	90	80	130	150	450	min	mod	min	maj	mod	no	no	no	36.8511245100948,42.8542279957706	0	0	0	0	0	0	0	1	d. 250-499
frc	Dahuk	Sumel	1413104268474.jpg	city_centre	7503218403	10	11	9	17	10	47	no	no	min	mod	min	no	no	no	36.8513634764933,42.8476683302549	0	0	0	0	0	0	0	1	a. 0-49
frc	Dahuk	Sumel	1413111783869.jpg	city_centre	7507287789	33	50	50	50	46	196	min	min	min	mod	min	no	no	no	36.8592782480724,42.8523108446601	0	0	0	0	0	0	0	1	c. 100-249
frc	Dahuk	Sumel	1413112224294.jpg	city_centre	7507856620	16	14	19	7	15	55	no	no	no	no	no	no	no	no	36.8587890055697,42.8521254983381	0	0	1	0	0	0	0	0	b. 50-99
unhcr	Dahuk	Dahuk	1413107046917.jpg	city_suburb	7504851735	100	162	147	160	141	610	no	no	no	no	no	no	no	no	36.8459551224531,43.0542262525887	0	0	0	0	0	0	1	0	e. 500-2000
unhcr	Dahuk	Dahuk	1413108865743.jpg	city_suburb	7503323844	16	25	22	17	18	82	maj	maj	min	maj	maj	no	no	no	36.8451976318768,43.0579132480155	0	0	0	0	0	0	0	1	b. 50-99
unhcr	Dahuk	Dahuk	1413110175945.jpg	city_suburb	7503026150	11	22	13	30	25	90	maj	maj	maj	maj	maj	no	no	no	36.8457864090579,43.0585508943494	0	0	0	0	0	0	0	1	b. 50-99
unhcr	Dahuk	Dahuk	1413111980501.jpg	city_suburb	7507984146	18	26	30	20	33	109	maj	maj	mod	maj	maj	no	no	no	36.8446082167587,43.0571278235286	0	0	0	0	0	0	0	1	c. 100-249
reach	Dahuk	Dahuk	1413097841389.jpg	city_centre	7503040914	10	12	13	18	15	58	no	no	no	mod	no	no	no	no	36.8889235507963,42.921428267179	0	0	0	1	0	0	0	0	b. 50-99
reach	Dahuk	Dahuk	1413107962360.jpg	city_centre	7504396149	15	12	15	30	25	82	no	no	no	min	no	no	no	no	36.8759086727258,42.9489053668347	0	0	0	0	0	1	0	0	b. 50-99
reach	Dahuk	Dahuk	1413098287938.jpg	city_centre	7501668321	11	15	16	30	35	96	no	no	no	mod	no	no	no	no	36.8889675416823,42.9222532758948	0	0	1	0	0	0	0	0	b. 50-99
reach	Dahuk	Dahuk	1413108739823.jpg	city_centre	7503246083	11	15	18	25	22	80	no	no	no	mod	no	no	no	no	36.8789337844919,42.9500731958818	0	0	0	0	0	1	0	0	b. 50-99
reach	Dahuk	Dahuk	1413096987742.jpg	city_centre	7504218463	23	30	35	36	30	131	no	no	no	mod	no	no	no	no	36.8865830627351,42.9220877535313	0	0	0	1	0	0	0	0	c. 100-249
reach	Dahuk	Dahuk	1413100461142.jpg	city_centre	7508386145	35	44	52	67	62	225	no	no	no	no	no	no	no	no	36.878681362145,42.9282162106882	0	0	0	0	0	1	0	0	c. 100-249
unhcr	Dahuk	Zakho	1413101862013.jpg	isolated	7508849842	245	432	460	363	338	1593	no	no	maj	maj	maj	no	no	no	37.1796068833443,42.7288790211104	0	0	0	0	0	0	0	1	f. >1000
unhcr	Dahuk	Zakho	1413105666039.jpg	isolated	7508784983	494	630	700	620	542	2492	min	min	maj	mod	min	no	no	no	37.1797685368115,42.7232586500542	0	0	0	1	0	0	0	1	f. >1000
unhcr	Dahuk	Zakho	1413112052177.jpg	town	7508412562	11	15	13	13	17	58	no	no	no	no	no	no	no	no	37.1646332490608,42.7092897207579	0	0	0	1	0	0	0	0	b. 50-99
harikar	Dahuk	Sumel	1413184142467.jpg	city_centre	7507287771	5	11	13	15	16	55	mod	mod	mod	maj	no	no	no	no	36.8634407098901,42.8345431897001	0	0	0	0	0	0	0	1	b. 50-99
harikar	Dahuk	Sumel	1413184668453.jpg	city_centre	7708658643	7	6	8	8	5	27	mod	min	no	min	no	no	no	no	36.8632343345415,42.8378092884263	0	0	0	0	0	0	0	1	a. 0-49
harikar	Dahuk	Sumel	1413185234423.jpg	city_centre	7507856938	6	7	8	9	8	32	min	maj	mod	mod	no	no	no	no	36.8637735162115,42.836731587424	0	0	0	0	0	0	0	1	a. 0-49
harikar	Dahuk	Sumel	1413185948083.jpg	city_centre	7507954708	7	15	7	7	9	38	no	min	no	no	min	no	no	no	36.8538611536903,42.8353631495008	0	0	0	0	0	0	0	1	a. 0-49
unhcr	Dahuk	Dahuk	1413185978795.jpg	city_suburb	7816936001	9	9	9	35	20	73	no	no	no	min	min	no	no	no	36.843116262206,43.057423612707	0	0	0	0	0	0	0	1	b. 50-99
unhcr	Dahuk	Dahuk	1413189303882.jpg	city_suburb	7507419070	6	7	15	14	15	51	maj	maj	maj	no	no	no	no	no	36.836843646154,43.0637131536276	0	0	0	0	0	0	0	1	b. 50-99
unhcr	Dahuk	Dahuk	1413190655505.jpg	city_suburb	7510450607	5	7	8	7	8	30	no	no	maj	no	no	no	no	no	36.8370070530594,43.0629480958824	0	0	0	0	0	0	0	1	a. 0-49
unhcr	Dahuk	Dahuk	1413191480724.jpg	city_suburb	7503097116	8	12	12	8	10	42	min	min	min	maj	no	no	no	no	36.8373883880226,43.0635274991522	0	0	0	0	0	0	0	1	a. 0-49
unhcr	Dahuk	Dahuk	1413192971892.jpg	city_suburb	7507262445	7	7	15	9	7	38	maj	maj	maj	no	no	no	no	no	36.8407375998001,43.0654857712769	0	0	0	0	0	0	0	1	a. 0-49
unhcr	Dahuk	Dahuk	1413194340785.jpg	city_suburb	7507963974	7	7	7	11	15	40	no	no	mod	no	no	no	no	no	36.8420777465985,43.0651786610343	0	0	0	0	0	0	0	1	a. 0-49
unhcr	Dahuk	Dahuk	1413197023478.jpg	city_suburb	7503092053	14	23	14	25	17	79	maj	maj	maj	no	no	no	no	no	36.8414781761426,43.0482006851778	0	0	0	0	0	0	0	1	b. 50-99
unhcr	Dahuk	Dahuk	1413199753263.jpg	city_suburb	7508412708	6	7	12	5	5	29	maj	maj	mod	no	no	no	no	no	36.8396012045233,43.0486136991924	0	0	0	0	0	0	0	1	a. 0-49
frc	Dahuk	Sumel	1413188021449.jpg	city_centre	7507074699	7	7	10	15	20	52	no	no	min	mod	min	no	no	no	36.8544847703019,42.8657093069911	0	0	0	0	0	0	0	1	b. 50-99
frc	Dahuk	Sumel	1413189154570.jpg	city_centre	7507490896	6	10	11	9	8	38	no	no	no	mod	no	no	no	no	36.8529232286281,42.8654033877276	0	0	0	0	0	0	0	1	a. 0-49
frc	Dahuk	Sumel	1413189960353.jpg	city_centre	7503385666	7	16	17	12	11	56	no	no	no	mod	min	no	no	no	36.8477308351813,42.8594467041491	0	0	0	0	0	0	0	1	b. 50-99
frc	Dahuk	Sumel	1413191219262.jpg	city_centre	7501831216	5	7	8	3	7	25	no	min	no	mod	min	no	no	no	36.8485450545073,42.8584299906948	0	0	0	0	0	0	0	1	a. 0-49
frc	Dahuk	Sumel	1413199204643.jpg	city_centre	7503011969	7	8	7	13	16	44	min	no	min	mod	min	no	no	no	36.8555842001708,42.8478752769774	0	0	0	0	0	0	0	1	a. 0-49
frc	Dahuk	Sumel	1413201197677.jpg	city_centre	7503275216	8	13	9	10	17	49	no	min	no	mod	min	no	no	no	36.8483496406533,42.8494911346854	0	0	0	0	0	0	0	1	a. 0-49
iom	Dahuk	Dahuk	1413190319384.jpg	city_centre	7501084837	7	8	9	10	9	36	no	no	no	no	no	no	no	no	36.8494265210279,42.9907982760684	0	0	0	1	0	0	0	0	a. 0-49
iom	Dahuk	Dahuk	1413192822967.jpg	city_centre	7503115953	11	10	15	23	11	59	min	mod	min	min	no	no	no	no	36.8467227774503,42.9756498840588	0	0	0	0	0	0	0	1	b. 50-99
iom	Dahuk	Dahuk	1413194507840.jpg	city_centre	7504728333	5	6	5	9	9	29	min	mod	min	mod	no	no	no	no	36.8446150418209,42.986376363118	0	0	0	0	0	0	0	1	a. 0-49
iom	Dahuk	Dahuk	1413197034405.jpg	city_centre	7507250398	10	12	15	21	24	72	mod	mod	min	mod	min	min	no	no	36.8432495772862,43.0052472209222	0	0	0	0	0	0	0	1	b. 50-99
reach	Dahuk	Dahuk	1413189108589.jpg	city_centre	7507148863	5	10	6	9	15	40	min	no	min	mod	no	no	no	no	36.8782911830968,42.9778163888704	0	0	0	0	0	1	0	0	a. 0-49
reach	Dahuk	Dahuk	1413203693712.jpg	city_centre	7503226221	35	70	45	40	35	190	no	min	no	maj	no	no	no	no	36.8568341398317,42.9707845567037	0	0	0	0	0	1	0	0	c. 100-249
reach	Dahuk	Dahuk	1413183976638.jpg	city_centre	7507863687	5	4	6	13	10	33	no	no	no	mod	no	no	no	no	36.8894875097051,42.9207736426111	0	0	0	1	0	0	0	0	a. 0-49
reach	Dahuk	Dahuk	1413187323277.jpg	city_centre	7507581127	6	10	8	5	7	30	no	no	no	min	no	no	no	no	36.888742981928,42.9221545983637	0	0	0	1	0	0	0	0	a. 0-49
reach	Dahuk	Dahuk	1413186584564.jpg	city_centre	7503346583	6	7	8	11	13	39	no	min	no	mod	no	no	no	no	36.8891930374972,42.9199330118938	0	0	0	0	0	1	0	0	a. 0-49
reach	Dahuk	Dahuk	1413197538469.jpg	city_centre	7507427489	8	8	9	14	18	49	no	no	no	min	no	no	no	no	36.8771625164396,42.9442605658208	0	0	0	0	0	0	0	1	a. 0-49
reach	Dahuk	Dahuk	1413198480804.jpg	city_centre	7502149500	5	7	8	12	15	42	no	no	no	min	no	no	no	no	36.876817186518,42.9442216305585	0	0	0	0	0	0	0	1	a. 0-49
drc	Dahuk	Zakho	1413186294534.jpg	city_centre	7701865288	9	12	13	18	10	53	no	no	no	no	no	no	no	no	37.1482466720045,42.6754199713469	0	0	0	1	0	0	0	0	b. 50-99
drc	Dahuk	Zakho	1413187940698.jpg	city_centre	7507031849	39	40	55	60	65	220	no	no	no	no	no	no	no	no	37.1462876955047,42.6752501539886	0	0	0	1	0	0	0	0	c. 100-249
drc	Dahuk	Zakho	1413189445580.jpg	city_centre	7507077563	30	50	55	40	20	165	mod	maj	no	no	no	no	no	no	37.1478953026235,42.6692073885351	0	0	0	0	0	1	0	0	c. 100-249
drc	Dahuk	Zakho	1413191956100.jpg	city_centre	7503840236	44	70	75	40	30	215	mod	maj	no	no	no	no	no	no	37.1472575655207,42.6453313697129	0	0	0	1	0	0	0	0	c. 100-249
drc	Dahuk	Zakho	1413192669028.jpg	city_centre	7507031075	120	210	220	80	118	628	mod	maj	no	no	no	no	no	no	37.1439739130437,42.6448375079781	0	0	0	1	0	0	0	0	e. 500-2000
drc	Dahuk	Zakho	1413194006624.jpg	city_centre	7704151946	75	160	150	160	180	650	mod	mod	mod	no	no	no	no	no	37.1417585760355,42.6390227302909	0	0	0	0	0	1	0	0	e. 500-2000
drc	Dahuk	Zakho	1413201150206.jpg	city_centre	7503046628	8	17	18	15	10	60	mod	maj	no	no	no	no	no	no	37.1370544005185,42.6693427562714	0	0	0	1	0	0	0	0	b. 50-99
drc	Dahuk	Zakho	1413202129351.jpg	city_centre	7505493027	5	6	5	7	5	23	no	no	no	no	no	no	no	no	37.1421283436939,42.670436007902	0	0	0	0	0	0	0	1	a. 0-49
drc	Dahuk	Zakho	1413203989930.jpg	city_centre	7503120426	52	140	150	120	110	520	no	no	no	no	no	no	no	no	37.142838165164,42.6790274586529	0	0	0	0	0	0	0	1	e. 500-2000
iom	Dahuk	Dahuk	1413192399861.jpg	city_centre	7501898529	7	8	8	11	8	35	no	no	no	mod	min	mod	no	no	36.8467927384148,43.000905939344	1	0	0	0	1	0	0	0	a. 0-49
iom	Dahuk	Dahuk	1413192754653.jpg	city_centre	7503380207	34	79	68	82	60	289	no	no	no	no	no	no	no	no	36.846533409397,42.9989022119647	0	0	0	0	0	0	0	1	d. 250-499
unhcr	Dahuk	Zakho	1413184193368.jpg	town	7701648996	9	19	9	13	28	69	min	min	no	no	mod	no	no	no	37.167406362968,42.7239362905158	0	0	0	1	0	0	0	1	b. 50-99
unhcr	Dahuk	Zakho	1413187943360.jpg	isolated	7508386109	8	8	9	9	20	46	maj	maj	min	min	no	no	no	no	37.1689405272015,42.6999992454745	0	0	0	1	0	0	0	1	a. 0-49
unhcr	Dahuk	Zakho	1413189522469.jpg	isolated	7507867915	7	16	10	11	9	46	no	no	no	no	no	no	no	no	37.1697079546894,42.7000835079589	0	0	0	1	0	0	0	1	a. 0-49
unhcr	Dahuk	Zakho	1413190677955.jpg	isolated	7507859712	5	13	8	6	6	33	no	no	no	no	no	no	no	no	37.1714765759765,42.7012601126626	0	0	0	1	0	0	0	1	a. 0-49
unhcr	Dahuk	Zakho	1413190981808.jpg	isolated	7501500688	5	9	8	7	8	32	no	no	no	no	no	no	no	no	37.1717908752454,42.7015177029017	0	0	0	1	0	0	1	1	a. 0-49
harikar	Dahuk	Amedi	1413270297946.jpg	city_suburb	7504177009	5	3	4	3	3	13	maj	mod	maj	mod	no	no	no	no	37.0997830050534,43.3963440071884	0	0	0	0	0	0	0	1	a. 0-49
harikar	Dahuk	Amedi	1413270692571.jpg	city_suburb	7507206436	5	6	6	7	7	26	maj	mod	mod	mod	no	no	no	no	37.0995658152721,43.396350890144	0	0	0	0	0	0	0	1	a. 0-49
harikar	Dahuk	Amedi	1413271023551.jpg	city_suburb	7507272669	5	5	5	8	10	28	maj	mod	mod	mod	no	no	maj	no	37.0997541559855,43.3968181704136	0	0	0	1	0	0	0	1	a. 0-49
harikar	Dahuk	Amedi	1413272359995.jpg	city_suburb	7501667150	7	8	7	11	6	32	min	min	mod	min	no	no	no	no	37.0994229756352,43.3853130315686	0	0	0	0	0	0	1	0	a. 0-49
harikar	Dahuk	Amedi	1413273198937.jpg	city_suburb	7503929001	5	8	8	9	10	35	min	mod	no	min	min	no	no	no	37.0874584862073,43.3770269376758	0	0	0	0	0	0	1	0	a. 0-49
harikar	Dahuk	Amedi	1413271324842.jpg	isolated	7507218971	5	4	4	7	2	17	no	no	min	mod	no	no	no	no	37.0398909598853,43.3474716045867	0	0	0	0	0	0	1	0	a. 0-49
harikar	Dahuk	Amedi	1413271529940.jpg	isolated	7504168629	14	23	21	26	25	95	mod	min	min	no	min	no	no	no	37.0398939293721,43.3472819628876	0	0	1	0	0	0	0	0	b. 50-99
harikar	Dahuk	Amedi	1413273372070.jpg	isolated	7508822528	6	10	9	4	3	26	no	min	min	mod	no	no	no	no	37.032847209625,43.339595726486	0	0	0	0	0	0	0	0	a. 0-49
harikar	Dahuk	Amedi	1413274673931.jpg	isolated	7708264144	12	18	26	14	14	72	no	min	min	mod	mod	no	no	no	37.0310959523745,43.339427616715	0	0	0	0	0	0	0	0	b. 50-99
harikar	Dahuk	Amedi	1413272599952.jpg	isolated	7704100216	70	93	102	94	89	378	maj	mod	min	mod	maj	min	no	no	37.0349745079472,43.341825041344	0	0	1	0	0	0	0	0	d. 250-499
harikar	Dahuk	Amedi	1413276410485.jpg	city_suburb	7508252798	11	14	12	13	15	54	no	no	no	min	no	no	no	no	37.0409267918617,43.3440011004712	0	0	0	0	0	0	1	0	b. 50-99
harikar	Dahuk	Amedi	1413273651581.jpg	isolated	7507735223	5	4	9	7	9	29	maj	min	min	mod	min	no	no	no	37.0319790863451,43.3394162829062	0	0	0	1	0	0	0	0	a. 0-49
harikar	Dahuk	Amedi	1413278772894.jpg	city_centre	7508959410	9	15	20	13	15	63	no	no	no	mod	min	min	no	no	37.0443991856492,43.34035431067	0	0	0	0	0	0	1	0	b. 50-99
harikar	Dahuk	Amedi	1413275780817.jpg	isolated	7701015056	11	16	18	16	14	64	min	maj	mod	mod	mod	no	no	no	37.0339241746996,43.3385485815195	0	0	1	0	0	0	0	0	b. 50-99
harikar	Dahuk	Amedi	1413278108930.jpg	city_centre	7703371274	10	13	14	17	20	64	min	maj	min	maj	mod	no	no	no	37.0403533118369,43.3404506899354	0	0	0	0	0	0	1	0	b. 50-99
harikar	Dahuk	Amedi	1413280124810.jpg	isolated	7504322958	20	30	27	25	26	108	no	no	min	min	no	no	no	no	37.0353335813707,43.3352106980482	0	0	0	0	0	0	1	0	c. 100-249
harikar	Dahuk	Amedi	1413271590300.jpg	city_suburb	7507473752	300	420	450	400	500	1770	no	min	no	no	no	no	no	no	37.1098406626402,43.3625055630508	0	0	0	0	0	0	0	1	f. >1000
harikar	Dahuk	Amedi	1413276960813.jpg	isolated	7504105942	8	8	8	14	20	50	no	no	no	no	no	no	no	no	37.0919019065101,43.4372408472327	0	0	0	0	0	0	0	1	b. 50-99
iom	Erbil	Shaqlawa	1413196571441.jpg	city_suburb	7504538892	124	274	273	118	122	787	no	no	no	no	no	no	no	no	36.390235913082,44.3526765651834	0	0	0	0	0	0	1	0	e. 500-2000
iom	Erbil	Shaqlawa	1413282504732.jpg	city_suburb	7504564823	8	15	16	4	6	41	no	no	no	no	no	no	no	no	36.3930080443991,44.3462343154971	0	0	0	0	0	0	1	0	a. 0-49
iom	Erbil	Shaqlawa	1413282817595.jpg	city_suburb	7504663881	24	55	55	20	18	148	no	no	no	no	no	no	no	no	36.3907185259526,44.3493155545281	0	0	0	0	0	0	1	0	c. 100-249
iom	Erbil	Shaqlawa	1413285732036.jpg	city_suburb	7504493132	39	72	84	40	29	225	min	no	no	no	no	no	no	no	36.3968005209624,44.3454091873175	0	0	0	0	0	0	1	0	c. 100-249
harikar	Dahuk	Amedi	1413356371913.jpg	city_suburb	7507956121	5	5	5	6	5	21	no	min	no	no	no	no	no	no	37.0977465508218,43.2454836761657	0	0	0	0	0	0	0	1	a. 0-49
harikar	Dahuk	Amedi	1413356246562.jpg	isolated	7507887243	6	7	8	10	15	40	min	min	min	mod	min	no	no	no	37.110925320374,43.2524160831334	0	0	0	1	0	0	0	0	a. 0-49
harikar	Dahuk	Amedi	1413357522032.jpg	town	7503112294	24	80	75	45	50	250	maj	min	mod	no	min	no	no	no	37.1201760058342,43.2682646428148	0	0	0	0	0	0	1	0	d. 250-499
harikar	Dahuk	Dahuk	1413358367657.jpg	town	7507864198	5	8	8	8	2	26	min	min	min	mod	no	no	no	no	37.1219007360062,43.2726469913253	0	0	0	0	0	1	0	0	a. 0-49
unhcr	Dahuk	Dahuk	1413358655444.jpg	town	7507620661	5	5	5	7	5	22	maj	maj	min	maj	no	no	no	no	36.8627153678257,43.094996444497	0	0	0	0	0	0	0	1	a. 0-49
unhcr	Dahuk	Dahuk	1413359695191.jpg	town	7507559829	5	3	6	13	3	25	mod	mod	mod	mod	no	no	no	no	36.8624960025768,43.0944850117697	0	0	0	0	0	0	0	1	a. 0-49
unhcr	Dahuk	Dahuk	1413360782371.jpg	town	7508651413	7	8	8	12	8	36	maj	maj	maj	maj	no	no	no	no	36.862174784762,43.095087743572	0	0	0	0	0	0	0	1	a. 0-49
unhcr	Dahuk	Dahuk	1413361588567.jpg	town	7508989418	6	8	10	5	2	25	no	no	no	min	no	no	no	no	36.8630630686371,43.0950262676545	0	0	0	0	0	0	0	1	a. 0-49
unhcr	Dahuk	Dahuk	1413362484543.jpg	town	7503288219	5	7	7	8	6	28	no	no	no	mod	no	no	no	no	36.8631255744155,43.093963642357	0	0	0	0	0	0	0	1	a. 0-49
unhcr	Dahuk	Dahuk	1413363314527.jpg	town	7507336249	5	6	10	10	8	34	no	no	no	maj	no	no	no	no	36.8627008255488,43.0944892904777	0	0	0	0	0	0	0	1	a. 0-49
unhcr	Dahuk	Dahuk	1413364403699.jpg	town	7504954492	10	16	15	17	19	67	mod	mod	no	mod	no	no	no	no	36.8639402793222,43.0945671468767	0	0	0	0	0	0	0	1	b. 50-99
unhcr	Dahuk	Dahuk	1413365776148.jpg	town	7503419168	7	16	15	7	6	44	maj	maj	no	mod	no	no	no	no	36.8603823721173,43.0986517472753	0	0	0	0	0	0	0	1	a. 0-49
unhcr	Dahuk	Dahuk	1413367186083.jpg	town	7507940349	8	14	14	11	6	45	maj	maj	no	mod	no	no	no	no	36.8600415974175,43.0996165819279	0	0	0	0	0	0	0	1	a. 0-49
unhcr	Dahuk	Dahuk	1413367962040.jpg	town	7506907394	13	17	20	23	25	85	maj	maj	maj	mod	no	no	no	no	36.8626019398465,43.098793565808	0	0	0	0	0	0	0	1	b. 50-99
unhcr	Dahuk	Dahuk	1413369167050.jpg	town	7508651405	6	9	9	2	2	22	maj	maj	min	mod	no	no	no	no	36.8581678770563,43.0980831047184	0	0	0	0	0	0	0	1	a. 0-49
iom	Erbil	Koisnjaq	1413368797743.jpg	isolated	7512285283	4	5	5	8	8	26	no	min	no	min	no	no	no	no	36.0742927052133,44.5707832510961	0	0	0	1	0	0	0	1	a. 0-49
iom	Erbil	Erbil	1413203953175.jpg	city_suburb	7702006388	393	492	502	336	327	1657	mod	mod	mod	mod	no	no	no	no	36.2264881976003,44.1455264332897	0	0	1	0	0	0	0	0	f. >1000
iom	Erbil	Erbil	1413287323030.jpg	city_centre	7705229052	150	138	168	152	159	617	mod	mod	mod	mod	mod	no	no	no	36.1868527192414,44.0250616890109	0	0	0	0	0	0	1	0	e. 500-2000
iom	Erbil	Erbil	1413360513486.jpg	city_suburb	7507949300	11	19	12	24	21	76	min	mod	mod	min	no	no	no	no	36.1075261946917,44.0721329050033	0	0	0	0	0	0	0	0	b. 50-99
iom	Erbil	Erbil	1413361150622.jpg	city_suburb	7507949300	23	33	44	36	48	161	min	min	mod	min	no	no	no	no	36.105681768664,44.0751794021946	1	0	0	1	1	0	0	0	c. 100-249
iom	Erbil	Erbil	1413362530446.jpg	city_suburb	7507949300	17	24	30	30	33	117	min	min	min	min	min	no	no	no	36.1156484230418,44.07680600841	1	0	0	0	1	0	0	0	c. 100-249
iom	Erbil	Makhmur	1413284922184.jpg	city_suburb	7507387040	8	13	7	4	6	30	min	mod	mod	mod	mod	no	no	no	36.0260599868059,43.9102438756319	1	0	0	1	1	0	0	0	a. 0-49
iom	Erbil	Erbil	1413359093780.jpg	city_suburb	7507949300	28	31	46	40	51	168	mod	mod	mod	maj	mod	no	no	no	36.1108025457989,44.0551145216326	1	0	0	0	1	0	0	0	c. 100-249
iom	Erbil	Erbil	1413359849273.jpg	city_suburb	7507949300	39	49	54	61	70	234	mod	min	mod	min	min	min	no	no	36.1066759218115,44.072420033946	1	0	0	0	1	0	0	0	c. 100-249
iom	Erbil	Erbil	1413361489134.jpg	city_suburb	7507949300	18	23	28	33	27	111	mod	min	mod	mod	min	no	no	no	36.1091891929241,44.0766597789205	1	1	0	0	1	0	0	0	c. 100-249
iom	Erbil	Erbil	1413362069011.jpg	city_suburb	7507949300	5	14	17	18	18	67	min	mod	no	min	no	no	no	no	36.1117901315317,44.0835569078393	1	1	0	0	1	0	0	0	b. 50-99
iom	Sulaymaniyah	Pshdar	1413291805090.jpg	town	7507824048	118	154	165	124	116	559	no	no	no	min	no	no	no	no	36.1928101809053,45.1322228788344	0	0	0	0	0	0	1	0	e. 500-2000
iom	Erbil	Erbil	1413358536665.jpg	city_suburb	7713942446	22	30	25	27	21	103	min	min	mod	min	mod	min	mod	min	36.262803225249,43.627204587463	0	0	0	0	0	1	0	1	c. 100-249
iom	Erbil	Erbil	1413359195491.jpg	town	7504328301	70	90	88	49	37	264	min	min	min	no	no	no	no	no	36.2656150893894,43.6300154889198	0	0	0	0	0	1	1	1	d. 250-499
iom	Erbil	Erbil	1413359879527.jpg	town	7701843521	17	28	25	23	20	96	min	min	min	min	min	min	min	min	36.301037543854,43.6588215970335	0	0	0	0	0	1	1	1	b. 50-99
iom	Erbil	Erbil	1413361155667.jpg	town	7703078211	25	44	36	28	25	133	mod	min	min	mod	min	min	mod	mod	36.3530370985307,43.6531509474413	0	0	0	0	0	1	1	1	c. 100-249
iom	Erbil	Erbil	1413386388286.jpg	city_suburb	7504856881	7	15	23	22	18	78	mod	mod	mod	no	no	no	no	no	36.3877280384699,43.8734775358661	0	0	0	0	0	0	0	1	b. 50-99
iom	Erbil	Erbil	1413387026977.jpg	city_suburb	7504856881	8	18	25	19	23	85	mod	mod	mod	mod	no	no	no	no	36.3880488578265,43.8726817536596	0	0	0	0	0	0	0	1	b. 50-99
iom	Erbil	Erbil	1413389054681.jpg	city_suburb	7504452105	6	13	17	16	11	57	mod	mod	mod	mod	no	no	no	no	36.3093079958901,44.0287690769676	0	0	0	0	0	0	1	0	b. 50-99
iom	Erbil	Erbil	1413390349461.jpg	city_centre	7507726211	5	10	12	9	8	39	mod	maj	maj	mod	no	no	no	no	36.2373159737511,44.0067242171335	0	0	0	0	0	0	0	1	a. 0-49
iom	Erbil	Erbil	1413390558902.jpg	city_centre	7507726211	6	7	8	6	12	33	mod	min	min	mod	no	no	no	no	36.236825002977,44.0048527379778	0	0	0	0	0	0	0	1	a. 0-49
iom	Erbil	Erbil	1413390790896.jpg	city_centre	7507726211	5	11	14	9	10	44	maj	maj	maj	mod	no	no	no	no	36.2361629463897,44.0065508156399	0	0	0	0	0	0	0	1	a. 0-49
iom	Erbil	Erbil	1413384202339.jpg	city_suburb	7504629854	5	7	10	13	8	38	mod	mod	mod	mod	no	no	no	no	36.3203607008732,44.0337246414266	0	0	0	0	0	0	0	1	a. 0-49
iom	Sulaymaniyah	Rania	1413361089960.jpg	town	7901704598	5	5	8	10	8	31	maj	maj	no	mod	mod	mod	no	no	36.2511984423354,44.8842785507415	0	1	0	0	0	0	0	0	a. 0-49
frc	Dahuk	Sumel	1413354768212.jpg	town	7508843353	6	13	14	7	1	35	no	no	no	no	no	no	no	no	36.8564394377835,42.7908515254377	0	0	0	1	0	0	0	0	a. 0-49
frc	Dahuk	Sumel	1413355730293.jpg	town	7507958616	6	7	10	10	12	39	mod	mod	min	mod	min	no	no	no	36.8548666338401,42.796153097993	0	0	0	0	0	0	0	1	a. 0-49
frc	Dahuk	Sumel	1413356078153.jpg	town	7503410787	7	9	9	4	6	28	mod	mod	min	mod	min	no	no	no	36.8545226568578,42.7966127429046	0	0	0	0	0	0	0	1	a. 0-49
frc	Dahuk	Sumel	1413356800773.jpg	town	7708208192	6	10	10	4	4	28	min	mod	no	mod	min	no	no	no	36.8590166042729,42.7989498024133	0	0	0	0	0	0	0	1	a. 0-49
frc	Dahuk	Sumel	1413358362683.jpg	town	7508823841	13	16	22	15	12	65	no	no	min	mod	min	no	no	no	36.8652466746302,42.801550679267	0	0	0	0	0	0	0	1	b. 50-99
frc	Dahuk	Sumel	1413358875862.jpg	town	7504402915	12	12	12	9	12	45	mod	no	min	mod	min	no	no	no	36.8646499518469,42.8015068118369	0	0	0	0	0	0	0	1	a. 0-49
frc	Dahuk	Sumel	1413361122233.jpg	town	7708395005	7	8	8	12	8	36	min	no	min	mod	min	no	no	no	36.8618687271991,42.8082095256918	0	0	0	0	0	0	0	1	a. 0-49
frc	Dahuk	Sumel	1413364239538.jpg	town	7504131173	11	13	16	15	21	65	min	min	min	mod	min	no	no	no	36.8707330052973,42.8200393949687	0	0	0	0	0	0	0	1	b. 50-99
frc	Dahuk	Sumel	1413365527377.jpg	town	7508735503	18	17	20	22	27	86	no	no	no	min	min	no	no	no	36.861730555111,42.8171987830306	0	0	0	0	0	0	1	1	b. 50-99
frc	Dahuk	Sumel	1413374359275.jpg	town	7507036653	60	65	78	83	97	323	min	no	no	min	mod	no	no	no	36.9608305640581,42.6841587509451	0	0	0	1	0	0	1	0	d. 250-499
frc	Dahuk	Sumel	1413374863135.jpg	town	7507881115	17	28	22	15	23	88	no	no	min	mod	min	no	no	no	36.9593082045828,42.6835808939577	0	0	0	0	0	0	0	1	b. 50-99
frc	Dahuk	Sumel	1413375519602.jpg	town	7507853401	6	12	6	10	7	35	no	no	no	mod	min	no	no	no	36.9588193783108,42.6837737976434	0	0	0	0	0	0	0	1	a. 0-49
frc	Dahuk	Sumel	1413376178554.jpg	town	7503741853	8	13	16	13	11	53	no	no	no	no	no	no	no	no	36.9607694211809,42.6805822301201	0	0	0	1	0	0	0	0	b. 50-99
iom	Dahuk	Sumel	1413361399656.jpg	city_centre	7507203107	33	75	45	40	33	193	no	min	mod	mod	min	no	no	no	36.8593018201596,42.8523199233855	0	0	0	0	0	0	0	1	c. 100-249
iom	Dahuk	Sumel	1413362327100.jpg	city_centre	7503228354	5	7	8	9	12	36	mod	mod	mod	mod	no	no	no	no	36.8601567713263,42.8516832465536	0	0	0	0	0	0	0	1	a. 0-49
iom	Dahuk	Sumel	1413363043117.jpg	city_centre	7507848178	10	10	12	15	12	49	no	min	no	no	no	no	no	no	36.8598299179963,42.8527746609584	0	0	0	1	0	0	0	0	a. 0-49
iom	Dahuk	Sumel	1413363694364.jpg	city_centre	7502103275	8	10	11	21	19	61	min	min	min	no	no	no	no	no	36.8595957989883,42.844846098026	0	0	0	0	0	1	0	0	b. 50-99
iom	Dahuk	Sumel	1413364221553.jpg	city_centre	7504158135	25	35	31	32	35	133	no	min	no	no	no	no	no	no	36.859189666348,42.8452771267631	0	0	0	0	0	1	0	0	c. 100-249
iom	Dahuk	Sumel	1413365524249.jpg	city_centre	7507956175	5	7	6	3	4	20	min	mod	mod	mod	mod	no	no	no	36.8565369728179,42.831676659828	0	0	0	0	0	1	0	0	a. 0-49
iom	Dahuk	Sumel	1413366010666.jpg	city_centre	7503325468	8	10	13	5	8	36	min	mod	mod	mod	min	no	no	no	36.8560078596835,42.8314193112083	0	0	0	0	0	0	0	1	a. 0-49
iom	Dahuk	Sumel	1413367363890.jpg	city_centre	7707424093	6	16	10	11	15	52	min	min	mod	mod	no	no	no	no	36.8589531604727,42.8339333486724	0	0	0	0	0	0	0	1	b. 50-99
iom	Dahuk	Sumel	1413368281394.jpg	city_centre	7507870293	12	11	21	24	14	70	min	mod	mod	min	no	no	no	no	36.8471067856764,42.833651950212	0	0	0	0	0	0	0	1	b. 50-99
drc	Dahuk	Sumel	1413356353240.jpg	isolated	7709143388	10	13	12	23	15	63	no	no	no	no	no	no	no	no	36.7447871156037,42.8231353405863	0	0	1	0	0	0	0	0	b. 50-99
drc	Dahuk	Sumel	1413373503577.jpg	isolated	7507831179	5	8	7	9	8	32	mod	min	min	no	no	no	no	no	36.7760397959501,42.7941617835313	0	0	0	0	0	1	0	0	a. 0-49
drc	Dahuk	Sumel	1413374170020.jpg	isolated	7503622717	5	10	7	12	13	42	no	no	min	no	no	no	no	no	36.773519651033,42.7955561131239	0	0	0	0	0	0	0	1	a. 0-49
drc	Dahuk	Sumel	1413376406829.jpg	isolated	7704168652	5	5	5	20	25	55	mod	min	no	no	no	no	no	no	36.7666166089475,42.762985965237	0	0	0	0	0	0	0	1	b. 50-99
drc	Dahuk	Sumel	1413376816343.jpg	isolated	7502311754	5	12	10	16	5	43	maj	maj	no	no	no	no	no	no	36.768639581278,42.7636559307575	0	0	0	0	0	0	0	1	a. 0-49
drc	Dahuk	Sumel	1413377107640.jpg	isolated	7501677998	5	15	10	6	5	36	maj	maj	maj	no	no	no	no	no	36.7687215143815,42.7637624647468	0	0	0	0	0	0	0	1	a. 0-49
reach	Dahuk	Sumel	1413375201434.jpg	isolated	7503040649	7	15	7	16	14	52	mod	mod	min	mod	no	no	no	no	36.9204539341561,42.8794478956026	0	0	0	0	0	0	0	1	b. 50-99
reach	Dahuk	Sumel	1413373362489.jpg	town	7507825408	6	6	7	11	9	33	no	no	no	mod	min	no	no	no	36.9131747733684,42.7843680044178	0	0	1	0	0	0	0	0	a. 0-49
reach	Dahuk	Sumel	1413377078560.jpg	town	7503344813	9	19	14	14	21	68	min	no	min	maj	no	no	no	no	36.9121470843252,42.8881703051152	0	0	0	0	0	0	0	1	b. 50-99
reach	Dahuk	Sumel	1413374017534.jpg	town	7508860675	6	6	7	5	7	25	no	no	no	mod	no	no	no	no	36.9124647122879,42.7845259503643	0	0	0	0	0	0	0	1	a. 0-49
reach	Dahuk	Sumel	1413377783317.jpg	town	7503419211	5	7	5	4	11	27	mod	min	min	maj	no	no	no	no	36.9115071737553,42.8885035964613	0	0	0	0	0	0	0	1	a. 0-49
reach	Dahuk	Sumel	1413376297102.jpg	town	7503346288	5	11	5	7	8	31	min	min	min	mod	no	no	no	no	36.9112052056076,42.8836937328844	0	0	0	0	0	0	0	1	a. 0-49
reach	Dahuk	Sumel	1413376416603.jpg	town	7502192878	40	70	65	25	30	190	no	no	no	mod	no	min	no	no	36.9161983417937,42.7827205771825	0	0	0	0	0	0	0	0	c. 100-249
reach	Dahuk	Sumel	1413378168741.jpg	town	7503347255	5	8	9	9	11	37	min	mod	min	mod	no	no	no	no	36.9112381013027,42.8884977039149	0	0	0	0	0	0	0	1	a. 0-49
reach	Dahuk	Dahuk	1413378143784.jpg	town	7503080188	5	10	6	6	7	29	no	min	no	mod	no	no	no	no	36.8943898040312,42.991970293166	0	0	0	0	0	0	0	1	a. 0-49
reach	Dahuk	Sumel	1413374478570.jpg	town	7507795984	6	12	6	3	5	26	no	mod	min	mod	no	no	no	no	36.9132637335015,42.7835705354784	0	0	0	1	0	0	0	0	a. 0-49
reach	Dahuk	Dahuk	1413378219469.jpg	town	7503959018	6	12	11	9	7	39	no	min	no	mod	no	no	no	no	36.8943249607199,42.9917457107659	0	0	0	0	0	0	0	1	a. 0-49
reach	Dahuk	Dahuk	1413378923168.jpg	town	7507421274	6	5	7	3	5	20	no	min	no	mod	no	no	no	no	36.8944509434779,42.9912071404542	0	0	0	0	0	0	0	1	a. 0-49
iom	Dahuk	Sumel	1413360011502.jpg	city_centre	7507742708	5	8	5	3	1	17	no	no	no	mod	no	no	no	mod	36.8476917351958,42.8618268134851	0	0	0	1	0	0	0	0	a. 0-49
iom	Dahuk	Sumel	1413362247461.jpg	city_centre	7503368430	5	7	7	4	3	21	no	mod	no	mod	no	no	no	no	36.8472166209221,42.8590379561803	0	0	0	0	0	0	0	1	a. 0-49
iom	Dahuk	Sumel	1413363294735.jpg	city_centre	7509951324	9	11	12	8	4	35	no	no	no	no	no	no	no	no	36.8467565846508,42.8603866733613	0	0	0	0	0	0	0	1	a. 0-49
iom	Dahuk	Sumel	1413365450384.jpg	city_centre	7503385666	8	16	14	11	13	54	no	no	no	mod	no	no	no	no	36.8477695919258,42.8594406284148	0	0	0	0	0	0	0	1	b. 50-99
iom	Dahuk	Sumel	1413366524291.jpg	city_centre	7503170129	5	5	6	7	7	25	no	min	no	mod	no	no	no	no	36.8485104494609,42.8586029050385	0	0	0	0	0	0	0	1	a. 0-49
iom	Dahuk	Sumel	1413375094937.jpg	city_centre	7704131976	12	15	17	20	10	62	no	no	no	mod	no	no	no	no	36.8521668704624,42.870212445012	0	0	0	0	0	0	0	1	b. 50-99
iom	Dahuk	Sumel	1413376524786.jpg	city_centre	7503346032	10	15	14	26	18	73	no	no	no	mod	no	no	no	no	36.851027053574,42.8707116081338	0	0	0	1	0	0	0	0	b. 50-99
iom	Dahuk	Sumel	1413379041095.jpg	city_centre	7507864931	9	9	14	14	19	56	no	no	no	mod	no	no	no	no	36.8543886206952,42.8658740148199	0	0	0	0	0	1	0	0	b. 50-99
iom	Dahuk	Sumel	1413379913842.jpg	city_centre	7507490896	7	11	15	8	7	41	no	no	no	mod	no	no	no	no	36.8521696223612,42.8650527330175	0	0	0	0	0	0	0	1	a. 0-49
iom	Sulaymaniyah	Sulaymaniya	1413368620007.jpg	city_suburb	7507040081	6	12	14	8	11	45	no	no	maj	no	min	min	no	no	35.5821207036407,45.181651824339	0	0	0	0	0	0	0	1	a. 0-49
iom	Sulaymaniyah	Sulaymaniya	1413370858233.jpg	isolated	7503363953	5	5	6	8	7	26	min	min	min	no	min	min	no	no	35.5804318625502,45.1670464590261	0	0	0	1	0	0	0	0	a. 0-49
iom	Sulaymaniyah	Sulaymaniya	1413371975515.jpg	city_suburb	7710061503	5	6	9	15	6	36	min	no	min	no	no	min	no	no	35.3036575350958,45.6726160778366	0	0	0	1	0	0	0	1	a. 0-49
iom	Sulaymaniyah	Sulaymaniya	1413373372963.jpg	city_suburb	7813078031	5	6	8	8	5	27	min	no	min	no	min	no	min	no	35.3037244135643,45.6713558363392	0	0	0	1	0	0	0	1	a. 0-49
iom	Sulaymaniyah	Sulaymaniya	1413374466774.jpg	city_suburb	7824873092	6	5	8	9	5	27	min	no	min	no	no	no	no	no	35.3052891076717,45.6721610893094	0	0	0	1	0	0	0	1	a. 0-49
iom	Sulaymaniyah	Sulaymaniya	1413375597590.jpg	city_suburb	7805284646	11	16	16	21	20	73	mod	no	maj	no	no	no	no	no	35.3062224180246,45.6684897608176	0	0	0	1	0	0	0	1	b. 50-99
unhcr	Dahuk	Zakho	1413369126161.jpg	city_suburb	7507768932	7	12	11	6	7	36	no	min	min	no	no	no	no	no	37.1707390116787,43.0096279379756	0	0	1	0	0	0	0	1	a. 0-49
unhcr	Dahuk	Zakho	1413365480728.jpg	city_suburb	7503121791	17	23	20	26	17	86	no	no	min	no	min	no	no	no	37.1809661921626,43.0191047978248	0	1	0	0	0	0	0	1	b. 50-99
unhcr	Dahuk	Zakho	1413368184507.jpg	city_suburb	7503546234	8	9	8	9	11	37	no	no	no	no	no	no	no	no	37.1744381995014,43.0114946965639	0	0	1	0	0	0	0	1	a. 0-49
unhcr	Dahuk	Zakho	1413370255250.jpg	city_suburb	7507239583	5	6	7	7	5	25	no	no	no	no	no	no	no	no	37.1727504025366,43.0048318331453	0	0	1	0	0	0	0	1	a. 0-49
unhcr	Dahuk	Zakho	1413371408220.jpg	city_suburb	7507478217	8	13	10	10	8	41	no	no	no	no	no	no	no	no	37.1752066774283,43.0071033289913	0	0	1	0	0	0	0	1	a. 0-49
unhcr	Dahuk	Zakho	1413372846088.jpg	city_suburb	7508819577	23	35	42	35	35	147	no	no	no	no	no	no	no	no	37.1757813986595,43.0096604555941	0	0	1	0	0	0	0	1	c. 100-249
unhcr	Dahuk	Zakho	1413374086717.jpg	city_suburb	7507292909	6	7	9	8	7	31	no	no	no	no	no	no	no	no	37.175290227005,43.0096259803805	0	0	0	1	0	0	0	1	a. 0-49
iom	Diyala	Khanaqin	1413377114444.jpg	city_suburb	7707047750	6	9	7	3	5	24	mod	min	min	mod	no	maj	no	no	34.3120264753241,45.3481215388376	0	0	0	1	0	0	0	1	a. 0-49
iom	Diyala	Khanaqin	1413378127767.jpg	city_suburb	7712701664	7	8	8	4	10	30	mod	mod	min	mod	no	maj	no	no	34.3104120862623,45.346114596117	0	0	0	1	0	0	0	1	a. 0-49
iom	Diyala	Khanaqin	1413378712946.jpg	city_suburb	7719615659	6	12	6	3	1	22	maj	mod	min	min	min	min	no	no	34.3096844580812,45.3470921156474	0	0	1	0	0	0	0	1	a. 0-49
iom	Diyala	Khanaqin	1413379649022.jpg	city_suburb	7715952627	7	11	7	10	8	36	no	min	no	maj	no	no	no	no	34.3055248148088,45.348089212796	0	0	0	1	0	0	1	1	a. 0-49
iom	Diyala	Khanaqin	1413380990283.jpg	city_suburb	7722052714	6	17	18	6	8	49	min	mod	mod	mod	no	no	no	no	34.3045536966606,45.348530411608	0	0	0	1	0	0	0	1	a. 0-49
iom	Diyala	Khanaqin	1413381547951.jpg	city_suburb	7710293919	9	12	18	13	10	53	min	min	min	maj	min	no	no	no	34.3039548978911,45.3485227350224	0	0	0	1	0	0	1	1	b. 50-99
iom	Diyala	Khanaqin	1413382020563.jpg	city_suburb	7712415071	5	6	6	9	12	33	mod	maj	mod	maj	maj	maj	no	no	34.3042821682227,45.3477931351258	0	0	1	0	0	0	0	1	a. 0-49
iom	Diyala	Khanaqin	1413382827442.jpg	city_suburb	7716835704	5	6	6	8	3	23	min	mod	min	mod	mod	maj	no	no	34.3033661746217,45.3494538036904	0	0	1	0	0	0	0	1	a. 0-49
iom	Diyala	Khanaqin	1413383156331.jpg	city_suburb	7709218054	15	18	17	20	21	76	min	mod	min	maj	no	mod	maj	maj	34.3029950707637,45.3499329405874	0	0	0	1	0	0	1	1	b. 50-99
iom	Diyala	Khanaqin	1413384153528.jpg	city_suburb	7706185572	19	25	23	26	22	96	mod	mod	mod	maj	no	min	maj	maj	34.3033710436216,45.3522219386613	0	0	0	1	0	0	1	1	b. 50-99
iom	Diyala	Khanaqin	1413295875018.jpg	city_suburb	7721989114	6	6	5	2	7	20	min	no	min	maj	no	min	no	no	34.3170400429632,45.3634574918124	0	0	0	1	0	0	0	1	a. 0-49
iom	Diyala	Khanaqin	1413355451048.jpg	city_suburb	7721720318	117	10	8	9	11	38	no	no	min	maj	no	no	no	no	34.315839919613,45.3581633212479	0	0	0	1	0	0	0	1	a. 0-49
iom	Diyala	Khanaqin	1413358075794.jpg	city_suburb	7721894632	5	7	5	1	5	18	no	no	no	maj	no	no	no	no	34.315369327771,45.3560976920649	0	0	0	1	0	0	0	1	a. 0-49
iom	Diyala	Khanaqin	1413361265963.jpg	city_suburb	7716850134	8	14	13	16	11	54	min	no	min	maj	no	no	no	no	34.3125888534978,45.3528257010849	0	0	0	1	0	0	0	1	b. 50-99
iom	Diyala	Khanaqin	1413363445242.jpg	city_suburb	7703040785	5	7	7	5	2	21	min	no	no	no	no	no	no	no	34.3099872381902,45.3530525316061	0	0	0	1	0	0	0	1	a. 0-49
iom	Diyala	Khanaqin	1413377664647.jpg	city_suburb	7705487188	5	5	8	6	6	25	no	min	no	no	min	no	no	no	34.3229512154457,45.3941249797096	0	0	0	1	0	0	0	1	a. 0-49
iom	Diyala	Khanaqin	1413378918591.jpg	city_suburb	7705012304	5	6	6	3	8	23	min	min	maj	maj	no	maj	no	no	34.318301021117,45.4020192717427	0	0	0	1	0	0	0	1	a. 0-49
iom	Diyala	Khanaqin	1413380184043.jpg	city_suburb	7703538617	5	6	3	3	4	16	maj	maj	maj	maj	maj	maj	no	no	34.3217253363099,45.3978906657733	0	0	0	1	0	0	0	1	a. 0-49
iom	Diyala	Khanaqin	1413381487904.jpg	city_suburb	7710209811	7	9	8	7	7	31	no	mod	no	no	no	no	no	no	34.3162882073842,45.3999425210272	0	0	0	1	0	0	0	1	a. 0-49
iom	Diyala	Khanaqin	1413383094630.jpg	city_suburb	7711324169	5	5	6	5	4	20	maj	maj	maj	maj	maj	maj	no	no	34.3166753115546,45.3852249912754	0	0	0	1	0	0	0	1	a. 0-49
iom	Diyala	Khanaqin	1413383971896.jpg	city_suburb	7710114373	7	11	10	11	4	36	maj	maj	maj	maj	maj	maj	no	no	34.3126871442702,45.3872930130956	0	0	0	1	0	0	0	1	a. 0-49
iom	Diyala	Khanaqin	1413440423436.jpg	city_suburb	7708889045	6	11	11	4	7	33	maj	no	min	maj	no	no	no	no	34.3166188208671,45.3586772513383	0	0	0	1	0	0	0	1	a. 0-49
iom	Diyala	Khanaqin	1413443130857.jpg	city_suburb	7702994417	7	8	7	8	4	27	mod	no	min	maj	no	min	no	min	34.3150045411725,45.3563889520764	0	0	0	1	0	0	0	1	a. 0-49
iom	Diyala	Khanaqin	1413445054721.jpg	city_suburb	7705710670	5	7	7	5	6	25	min	no	min	maj	no	no	no	no	34.3152326569959,45.3563007626083	0	0	0	1	0	0	0	1	a. 0-49
iom	Diyala	Khanaqin	1413448877952.jpg	city_suburb	7724718056	5	4	6	4	6	20	no	no	min	min	no	no	no	no	34.3116348188171,45.3521888346896	0	0	0	1	0	0	0	1	a. 0-49
iom	Diyala	Khanaqin	1413452580985.jpg	city_suburb	7707883095	6	10	7	11	6	34	min	no	min	maj	no	no	no	no	34.319500870211,45.3651475480696	0	0	0	1	0	0	0	1	a. 0-49
iom	Diyala	Khanaqin	1413463623080.jpg	city_suburb	7700053948	5	10	5	2	2	19	mod	min	no	maj	no	no	no	no	34.3070270993273,45.3486230373238	0	0	0	1	0	0	0	1	a. 0-49
iom	Diyala	Khanaqin	1413464245311.jpg	city_suburb	7721720134	8	13	14	4	9	40	min	no	min	maj	no	no	no	no	34.3069409758063,45.3467789567389	0	0	0	1	0	0	0	1	a. 0-49
iom	Diyala	Khanaqin	1413467347660.jpg	city_suburb	7700877023	7	13	16	14	5	48	min	no	no	maj	no	no	no	no	34.3045567812883,45.3487473702797	0	0	0	1	0	0	1	0	a. 0-49
iom	Diyala	Khanaqin	1413467812296.jpg	city_suburb	7706518723	5	8	10	11	4	33	min	no	mod	maj	mod	maj	no	no	34.3043577894582,45.3486013973622	0	0	0	1	0	0	0	1	a. 0-49
iom	Diyala	Khanaqin	1413468510112.jpg	city_suburb	7711866862	5	7	5	0	4	16	min	min	no	maj	no	no	no	no	34.3032146559355,45.349429234072	0	0	0	1	0	0	0	1	a. 0-49
iom	Diyala	Khanaqin	1413469199810.jpg	city_suburb	7713409079	10	8	12	11	15	46	min	min	min	maj	no	no	no	no	34.3028501498867,45.3499262446222	0	0	0	1	0	0	0	1	a. 0-49
iom	Diyala	Khanaqin	1413469945703.jpg	city_suburb	7709062723	9	19	12	12	4	47	min	min	min	maj	mod	min	maj	maj	34.3035517067956,45.3509341835279	0	0	0	1	0	0	1	1	a. 0-49
iom	Diyala	Khanaqin	1413470422110.jpg	city_suburb	7707904280	7	10	10	11	8	39	min	min	min	maj	no	no	no	min	34.3045790804653,45.3518915829189	0	0	0	1	0	0	0	1	a. 0-49
iom	Sulaymaniyah	Sulaymaniya	1413287116182.jpg	city_suburb	7507853485	13	13	14	18	7	52	no	mod	min	mod	mod	maj	no	no	35.5904325502523,45.2506937539569	0	0	0	1	0	0	0	1	b. 50-99
iom	Sulaymaniyah	Dokan	1413354684858.jpg	town	7705263094	6	9	8	11	8	36	no	no	no	no	no	no	no	no	35.9324393760649,44.9667928003853	0	0	1	0	0	0	0	0	a. 0-49
iom	Sulaymaniyah	Dokan	1413356262607.jpg	city_suburb	7703034198	6	9	8	3	7	27	min	min	min	min	min	no	no	no	35.9566945365215,44.985571555542	0	0	0	1	0	0	1	0	a. 0-49
iom	Sulaymaniyah	Dokan	1413359010515.jpg	town	7705207804	14	19	21	24	23	87	no	min	no	mod	min	no	no	no	36.0138356367534,44.8421179938522	0	0	0	1	0	0	0	0	b. 50-99
iom	Sulaymaniyah	Dokan	1413364491596.jpg	isolated	7507846605	6	8	13	5	4	30	no	maj	min	mod	mod	mod	no	no	35.7884782820781,45.1157619399159	0	0	0	1	0	0	0	0	a. 0-49
harikar	Dahuk	Dahuk	1413442125921.jpg	isolated	7507936302	5	8	7	11	10	36	mod	maj	min	min	min	no	no	no	36.9846391727087,43.0330993275008	0	0	0	1	0	0	0	0	a. 0-49
harikar	Dahuk	Sumel	1413441363539.jpg	city_suburb	7507930634	5	5	6	8	10	29	mod	mod	mod	mod	no	no	no	no	36.9591218909359,42.6830997479379	0	0	0	0	0	0	0	1	a. 0-49
harikar	Dahuk	Sumel	1413441866509.jpg	city_suburb	7503429511	7	17	19	22	25	83	mod	mod	mod	mod	no	no	no	no	36.9579605273483,42.6810539950325	0	0	0	0	0	0	0	1	b. 50-99
harikar	Dahuk	Sumel	1413442227381.jpg	city_suburb	7507852074	7	7	10	11	11	39	mod	mod	mod	mod	no	no	no	no	36.9579292773593,42.6811604776242	0	0	0	0	0	0	0	1	a. 0-49
harikar	Dahuk	Sumel	1413442701120.jpg	city_suburb	7708407996	5	5	5	22	5	37	no	no	mod	mod	no	no	no	no	36.9566650442315,42.6814445364958	0	0	0	0	0	0	0	1	a. 0-49
harikar	Dahuk	Sumel	1413443079823.jpg	city_suburb	7703002924	5	5	7	11	9	32	no	no	no	no	no	no	no	no	36.9567149423604,42.6811756591392	0	0	0	0	0	0	0	1	a. 0-49
harikar	Dahuk	Sumel	1413443545338.jpg	city_suburb	7503439109	5	5	8	6	13	32	mod	mod	mod	mod	no	no	no	no	36.9575368202564,42.6803655633001	0	0	0	0	0	0	0	1	a. 0-49
harikar	Dahuk	Sumel	1413444428391.jpg	city_suburb	7507794379	8	9	8	11	11	39	no	min	mod	mod	no	no	no	no	36.9609935126484,42.67656815672	0	0	0	0	0	0	0	1	a. 0-49
harikar	Dahuk	Sumel	1413444819340.jpg	city_suburb	7508228731	8	13	9	12	13	47	mod	mod	mod	mod	no	no	no	no	36.9619116443137,42.6764304009865	0	0	0	0	0	0	0	1	a. 0-49
harikar	Dahuk	Sumel	1413445210233.jpg	city_suburb	7501686481	8	15	18	12	14	59	maj	maj	no	min	maj	maj	no	no	36.9624116572522,42.6755529431646	0	1	0	0	0	0	0	0	b. 50-99
harikar	Dahuk	Sumel	1413445977368.jpg	city_suburb	7507399680	55	65	61	40	42	208	no	mod	no	no	mod	no	no	no	36.9607461940568,42.6842007547505	0	0	0	0	0	0	1	0	c. 100-249
iom	Erbil	Erbil	1413414865572.jpg	city_suburb	7701755381	15	20	25	20	20	85	min	min	mod	no	no	no	no	no	36.2691852597277,43.6761538160552	1	0	0	1	1	0	0	0	b. 50-99
iom	Erbil	Erbil	1413455396136.jpg	city_suburb	7504558660	150	192	200	71	47	510	min	min	min	mod	no	no	no	no	36.2353186768699,44.0114628524182	0	0	0	0	0	0	1	0	e. 500-2000
iom	Erbil	Erbil	1413446774121.jpg	town	7504329405	32	31	36	36	43	146	maj	maj	mod	mod	no	no	no	no	36.229437374774,43.9907401932879	0	0	0	0	0	0	0	0	c. 100-249
unhcr	Dahuk	Dahuk	1413445671167.jpg	town	7503231294	6	7	8	7	2	24	no	maj	no	mod	no	no	no	no	36.8780012484097,43.0972709547603	0	0	0	0	0	0	0	1	a. 0-49
unhcr	Dahuk	Dahuk	1413447845009.jpg	town	7507847663	5	3	5	5	4	17	no	no	no	mod	no	no	no	no	36.8773682344204,43.0980482642732	0	0	0	0	0	0	0	1	a. 0-49
unhcr	Dahuk	Dahuk	1413448524068.jpg	town	7503978060	5	5	5	9	16	35	no	no	no	mod	no	no	no	no	36.8753812175965,43.0965826963454	0	0	0	0	0	0	0	1	a. 0-49
unhcr	Dahuk	Dahuk	1413453240575.jpg	town	7504017942	13	15	20	17	8	60	no	mod	no	no	no	no	no	no	36.872605324037,43.1248144404342	0	0	0	1	0	0	0	0	b. 50-99
unhcr	Dahuk	Dahuk	1413457262506.jpg	town	7507571189	7	7	8	15	23	53	no	no	no	no	no	no	no	no	36.9049550865436,43.0977932256164	0	0	0	1	0	0	0	0	b. 50-99
unhcr	Dahuk	Zakho	1413444676564.jpg	city_suburb	7508826363	32	50	61	47	64	222	no	no	min	no	no	no	no	no	37.1810747686783,43.0027177887517	0	0	1	0	0	0	0	1	c. 100-249
unhcr	Dahuk	Zakho	1413445270599.jpg	city_suburb	7503974089	5	7	11	9	11	38	no	no	no	no	no	no	no	no	37.1807856623635,43.0013818106039	0	0	1	0	0	0	0	1	a. 0-49
unhcr	Dahuk	Zakho	1413446029850.jpg	isolated	7503142783	9	16	20	21	18	75	no	no	no	no	no	no	no	no	37.1761557725657,43.0006709183758	0	0	1	0	0	0	0	1	b. 50-99
unhcr	Dahuk	Zakho	1413446624741.jpg	isolated	7507478459	5	4	5	16	10	35	no	no	no	no	no	no	no	no	37.17644965483,43.0008953986737	0	0	1	0	0	0	0	1	a. 0-49
unhcr	Dahuk	Zakho	1413447523840.jpg	isolated	7507878152	5	5	5	5	6	21	no	maj	maj	maj	no	no	no	no	37.1775587650903,43.0013022862239	0	0	0	1	0	0	0	1	a. 0-49
unhcr	Dahuk	Zakho	1413447763558.jpg	isolated	7507629433	7	12	10	8	12	42	no	min	maj	no	no	no	no	no	37.1775316394796,43.0016786998038	0	0	1	0	0	0	0	1	a. 0-49
unhcr	Dahuk	Zakho	1413448314563.jpg	city_suburb	7503093644	6	6	11	7	11	35	no	no	min	maj	mod	no	no	no	37.1806513992282,43.0061326915164	0	0	1	0	0	0	0	1	a. 0-49
unhcr	Dahuk	Zakho	1413448759569.jpg	city_suburb	7508743134	9	12	18	13	15	58	maj	maj	min	maj	maj	no	no	no	37.1788964937494,43.0083840111718	0	0	0	1	0	0	0	1	b. 50-99
unhcr	Dahuk	Zakho	1413449184927.jpg	city_suburb	7503135332	6	8	9	8	11	36	no	no	no	no	no	no	no	no	37.1786128549953,43.009197299869	0	0	0	0	0	0	0	1	a. 0-49
unhcr	Dahuk	Zakho	1413450742500.jpg	isolated	7508284207	9	10	16	7	12	45	no	no	no	min	no	no	no	no	37.1814296575282,43.0125456957342	0	0	1	0	0	0	0	1	a. 0-49
unhcr	Dahuk	Zakho	1413451263124.jpg	city_suburb	7502384113	5	5	10	7	15	37	no	no	no	min	mod	no	no	no	37.1788210674728,43.0090450889912	0	0	1	0	0	0	0	1	a. 0-49
reach	Dahuk	Zakho	blank.png	town	7507875072	67	70	90	75	125	360	min	no	min	min	min	no	no	no	37.18205542,42.80946206	0	0	0	0	0	0	0	1	d. 250-499
reach	Dahuk	Zakho	blank.png	town	7503940349	7	7	12	4	13	36	no	no	min	min	min	no	no	no	37.17967859,42.80635365	0	0	0	0	0	0	0	1	a. 0-49
reach	Dahuk	Zakho	blank.png	town	7508228356	8	13	13	12	7	45	no	no	no	no	no	no	no	no	37.17695463,42.81058226	0	0	0	0	0	0	0	1	a. 0-49
reach	Dahuk	Zakho	blank.png	town	7503344497	13	30	45	20	23	118	no	no	min	min	no	no	no	no	37.18349687,42.81336666	0	0	0	0	0	0	0	1	c. 100-249
reach	Dahuk	Zakho	blank.png	town	7508362287	9	20	15	10	15	60	no	no	min	mod	no	no	no	no	37.18267462,42.81525906	0	0	0	0	0	0	0	0	b. 50-99
reach	Dahuk	Zakho	blank.png	town	7501891932	12	25	40	7	15	87	no	no	min	min	no	no	no	no	37.18667754,42.81192533	0	0	0	0	0	0	0	1	b. 50-99
reach	Dahuk	Zakho	blank.png	town	7507583676	5	6	8	6	11	31	no	no	min	min	no	no	no	no	37.1865114,42.8121314	0	0	0	0	0	0	0	1	a. 0-49
iom	Dahuk	Sumel	1413445327640.jpg	city_centre	7508645434	14	15	16	23	20	74	min	min	mod	mod	no	no	no	no	36.8616706112899,42.817679743435	0	0	0	0	0	0	1	0	b. 50-99
iom	Dahuk	Sumel	1413446895151.jpg	city_centre	7503011914	5	20	25	27	30	102	min	no	mod	mod	no	no	no	no	36.8682431749074,42.8144662718768	0	0	0	0	0	0	0	1	c. 100-249
reach	Dahuk	Zakho	blank.png	town	7501519635	11	13	11	20	30	74	no	no	min	min	no	no	no	no	37.18612576,42.81177845	0	0	0	0	0	0	0	1	b. 50-99
reach	Dahuk	Zakho	blank.png	town	7507780317	5	6	8	7	5	26	no	no	min	min	min	no	no	no	37.18602041,42.94390462	0	0	0	0	0	0	0	0	a. 0-49
reach	Dahuk	Zakho	blank.png	town	7503169334	21	40	36	27	39	142	no	no	min	min	no	no	no	no	37.18776339,42.81290568	0	0	0	0	0	0	0	1	c. 100-249
reach	Dahuk	Zakho	blank.png	town	7507917553	9	15	17	13	8	53	no	no	no	no	no	no	no	no	37.19294128,42.81763417	0	0	1	0	0	0	0	0	b. 50-99
reach	Dahuk	Zakho	blank.png	town	7510394002	5	10	10	2	8	30	no	no	min	mod	no	no	no	no	37.19828675,42.8206749	0	0	0	0	0	0	0	1	a. 0-49
iom	Dahuk	Sumel	1413449505542.jpg	city_centre	7503346303	6	8	12	6	4	30	min	min	maj	mod	no	no	no	no	36.8549288056192,42.7960453078831	0	0	0	0	0	0	0	1	a. 0-49
iom	Dahuk	Sumel	1413450041407.jpg	city_centre	7507857981	6	10	8	6	6	30	mod	mod	maj	mod	no	no	no	no	36.8546191098676,42.7965919140527	0	0	0	0	0	0	0	1	a. 0-49
iom	Diyala	Khanaqin	1413446502914.jpg	city_centre	7708671965	6	9	9	7	6	31	maj	maj	maj	maj	no	no	no	no	34.3618608200885,45.3747414258782	0	0	0	1	0	0	0	1	a. 0-49
iom	Diyala	Khanaqin	1413447479178.jpg	city_centre	7706215624	5	7	8	7	8	30	mod	maj	maj	maj	no	no	no	no	34.3605536326292,45.3730716803067	0	0	0	1	0	0	0	1	a. 0-49
iom	Diyala	Khanaqin	1413448501035.jpg	city_centre	7705090470	5	5	9	5	5	24	no	no	no	maj	no	no	no	no	34.3601316031583,45.3728796235238	0	0	0	1	0	0	0	1	a. 0-49
iom	Diyala	Khanaqin	1413449252347.jpg	city_centre	7708939638	175	3	7	12	4	26	maj	maj	maj	maj	no	no	no	no	34.3594259942998,45.3717470035229	0	0	0	1	0	0	0	1	a. 0-49
reach	Dahuk	Sumel	1413450628951.jpg	town	7507865793	5	10	10	5	8	33	no	no	min	mod	no	no	maj	no	36.9061259049718,42.8882291673314	0	0	0	0	0	0	0	1	a. 0-49
iom	Diyala	Khanaqin	1413454984256.jpg	city_centre	7723470507	7	9	10	7	6	32	maj	min	no	maj	no	no	no	no	34.3645472499172,45.3888760202049	0	0	0	1	0	0	0	1	a. 0-49
reach	Dahuk	Sumel	1413443328689.jpg	town	7507158938	8	20	18	15	17	70	no	no	no	no	min	no	no	no	36.8920191024293,42.822009470394	0	0	0	1	0	0	0	0	b. 50-99
reach	Dahuk	Sumel	1413452388544.jpg	town	7503131210	6	6	6	16	7	35	min	min	min	mod	no	min	maj	no	36.9070089950361,42.8885984664455	0	0	0	0	0	0	0	1	a. 0-49
reach	Dahuk	Sumel	1413440675610.jpg	city_suburb	7507543919	23	35	46	30	25	136	no	min	min	maj	no	no	no	no	36.8866107521575,42.9219472707386	0	0	0	0	0	0	0	1	c. 100-249
iom	Sulaymaniyah	Sharbazher	1413449195420.jpg	city_suburb	7501385654	15	21	21	26	20	88	no	min	no	no	no	no	no	no	35.6516709416446,45.5078935896175	0	0	0	1	0	0	1	1	b. 50-99
reach	Dahuk	Sumel	1413445238053.jpg	town	7508848262	20	25	22	19	20	86	no	min	no	mod	no	no	no	no	36.9127983309043,42.8196956567788	0	0	0	0	0	0	0	1	b. 50-99
reach	Dahuk	Sumel	1413441651327.jpg	city_suburb	7503122567	6	6	10	6	3	25	no	no	min	maj	no	no	no	no	36.8883535509315,42.9225252836733	0	0	0	0	0	0	0	1	a. 0-49
reach	Dahuk	Sumel	1413454108351.jpg	town	7815434601	8	20	18	15	9	62	no	no	no	mod	no	min	maj	no	36.9072385880423,42.8898088583106	0	0	0	0	0	0	0	1	b. 50-99
reach	Dahuk	Sumel	1413450610899.jpg	town	7503495530	5	6	5	2	2	15	no	no	no	no	no	no	no	no	36.9055474639743,42.8878954742107	0	0	0	1	0	0	0	0	a. 0-49
reach	Dahuk	Sumel	1413442239002.jpg	city_suburb	7501668321	6	7	6	14	12	39	no	min	min	mod	no	no	no	no	36.888916196532,42.9223087249121	0	0	0	0	0	0	0	1	a. 0-49
reach	Dahuk	Sumel	1413459948729.jpg	town	7503026242	5	5	5	7	7	24	no	min	min	mod	no	no	maj	no	36.90833890529,42.8894443026437	0	0	0	0	0	0	0	1	a. 0-49
reach	Dahuk	Sumel	1413451496522.jpg	town	7503112893	7	12	7	12	10	41	no	min	no	min	min	no	no	no	36.9058733353101,42.8876024269174	0	0	0	0	0	0	0	1	a. 0-49
reach	Dahuk	Sumel	1413461562416.jpg	town	7510220791	5	13	5	8	4	30	min	min	mod	maj	no	no	maj	no	36.9108846345518,42.8925465023485	0	0	0	0	0	0	0	1	a. 0-49
reach	Dahuk	Sumel	1413452205740.jpg	town	9508831742	7	8	9	10	12	39	no	min	no	min	min	no	no	no	36.9059179070119,42.8871732343637	0	0	0	0	0	0	0	1	a. 0-49
reach	Dahuk	Sumel	1413444952683.jpg	city_suburb	7503966370	9	14	18	10	7	49	no	min	min	mod	no	no	no	no	36.8906448637048,42.9179034054571	0	0	0	0	0	0	0	1	a. 0-49
reach	Dahuk	Sumel	1413462356500.jpg	town	7507040175	4	11	10	15	5	41	mod	mod	mod	maj	no	no	maj	no	36.9112041123737,42.891943559717	0	0	0	0	0	0	0	1	a. 0-49
reach	Dahuk	Sumel	1413452876498.jpg	town	7507825399	5	6	8	9	8	31	min	min	no	min	no	no	no	no	36.9054823180236,42.8874363928099	0	0	0	0	0	0	0	1	a. 0-49
reach	Dahuk	Sumel	1413446064751.jpg	city_suburb	7507080029	5	5	5	6	6	22	no	min	min	maj	no	no	no	no	36.8899434066688,42.915255812571	0	0	0	0	0	0	0	1	a. 0-49
reach	Dahuk	Sumel	1413453686310.jpg	town	9507721078	7	11	10	13	9	43	no	min	no	min	mod	min	no	no	36.9051727195225,42.8874101231575	0	0	0	0	0	0	0	1	a. 0-49
reach	Dahuk	Sumel	1413442335693.jpg	town	7507842846	5	7	9	8	6	30	mod	no	no	mod	no	no	no	no	36.8891258827437,42.9215342953978	0	0	0	0	0	0	0	1	a. 0-49
reach	Dahuk	Sumel	1413444885506.jpg	town	7803805797	5	15	2	4	10	31	no	no	no	mod	no	no	no	no	36.9126666683588,42.8197934969092	0	0	0	0	0	0	0	1	a. 0-49
reach	Dahuk	Dahuk	1413444788859.jpg	city_suburb	7507015680	13	15	18	35	38	106	no	no	mod	mod	mod	mod	no	no	36.9398070663528,43.1280955713339	0	0	0	0	0	0	0	1	c. 100-249
reach	Dahuk	Sumel	1413447980745.jpg	town	7507869919	26	13	16	35	44	108	no	min	min	mod	no	no	no	no	36.9017210154413,42.8939628462339	0	0	0	0	0	0	0	1	c. 100-249
reach	Dahuk	Sumel	1413443088522.jpg	town	7701604582	7	22	12	7	9	50	no	mod	no	mod	no	no	no	no	36.889214293681,42.9201036676276	0	0	0	0	0	0	0	1	b. 50-99
reach	Dahuk	Sumel	1413459832908.jpg	town	7503040308	8	15	12	20	5	52	no	min	no	mod	min	min	no	no	36.9073637017863,42.8902229584704	0	0	0	0	0	0	0	1	b. 50-99
reach	Dahuk	Dahuk	1413447021734.jpg	city_suburb	7503545124	11	11	12	17	22	62	no	no	no	no	no	mod	no	no	36.9626343287323,43.0632347290059	0	0	0	0	0	0	0	1	b. 50-99
reach	Dahuk	Sumel	1413444975116.jpg	town	7503436679	5	8	8	5	5	26	no	no	no	mod	no	no	no	no	36.8902756693325,42.9165855073933	0	0	0	0	0	0	0	1	a. 0-49
reach	Dahuk	Dahuk	1413445715528.jpg	city_suburb	7503116384	5	6	7	15	14	42	no	mod	no	mod	no	no	no	no	36.9395566577115,43.1257800276255	0	0	0	0	0	0	0	1	a. 0-49
reach	Dahuk	Dahuk	1413449787557.jpg	city_suburb	7507870611	5	6	6	8	10	30	no	no	no	no	no	no	no	no	37.0086297021399,43.0916728243134	0	0	0	0	0	0	0	1	a. 0-49
reach	Dahuk	Sumel	1413449026740.jpg	town	7507047829	7	10	6	13	8	37	no	no	no	min	no	no	no	no	36.9045974999043,42.8892642686418	0	0	0	0	0	0	0	1	a. 0-49
reach	Dahuk	Sumel	1413450291837.jpg	town	7828375072	15	21	22	19	13	75	mod	no	no	mod	no	no	no	no	36.9045236606565,42.8876772080476	0	0	0	0	0	0	0	1	b. 50-99
reach	Dahuk	Sumel	1413460247025.jpg	town	7503968579	5	6	7	7	9	29	min	min	no	min	min	min	no	no	36.9075188893779,42.89087550783	0	0	0	0	0	0	0	1	a. 0-49
reach	Dahuk	Dahuk	1413449483180.jpg	city_suburb	7503418840	5	6	6	17	18	47	no	no	no	maj	no	no	no	no	37.0086272199836,43.0914635609473	0	1	0	0	0	0	0	0	a. 0-49
reach	Dahuk	Sumel	1413449957401.jpg	town	7505333503	7	6	7	13	16	42	mod	min	min	mod	no	no	no	no	36.9036942290092,42.8882996195932	0	0	0	0	0	0	0	1	a. 0-49
reach	Dahuk	Dahuk	1413451701732.jpg	city_suburb	7507960372	6	8	7	10	13	38	no	no	no	mod	no	no	no	no	36.9847618568028,43.0328233448754	0	1	0	0	0	0	0	0	a. 0-49
reach	Dahuk	Sumel	1413451454212.jpg	town	7502119524	4	5	9	6	3	23	no	no	no	mod	no	no	no	no	36.904447994162,42.8867577957006	0	0	0	0	0	0	0	1	a. 0-49
reach	Dahuk	Dahuk	1413452250632.jpg	city_suburb	7717458073	10	10	11	10	13	44	min	mod	no	no	no	no	no	no	36.98256803598,43.0349170386298	0	0	0	0	0	0	0	1	a. 0-49
reach	Dahuk	Sumel	1413450545051.jpg	town	7503112758	6	7	8	9	11	35	min	mod	mod	mod	no	no	no	no	36.905035208921,42.8883531819133	0	0	0	0	0	0	0	1	a. 0-49
reach	Dahuk	Sumel	1413460891883.jpg	town	7507970129	5	6	7	12	16	41	min	min	no	min	min	min	no	no	36.9068054845682,42.891837763983	0	0	0	0	0	0	0	1	a. 0-49
reach	Dahuk	Sumel	1413453727394.jpg	town	7504319951	11	14	15	11	15	55	min	mod	min	mod	no	no	no	no	36.9038020486111,42.8869305396135	0	0	0	0	0	0	0	1	b. 50-99
reach	Dahuk	Sumel	1413452442371.jpg	town	7508207715	5	9	8	10	3	30	no	mod	maj	mod	no	no	no	no	36.9052559173395,42.8856994355004	0	0	0	0	0	0	0	1	a. 0-49
reach	Dahuk	Sumel	1413461148349.jpg	town	7507118356	5	6	7	5	2	20	min	min	no	mod	min	min	no	no	36.9067631538059,42.8920155839567	0	0	0	0	0	0	0	1	a. 0-49
reach	Dahuk	Sumel	1413459827261.jpg	town	7503122729	12	15	12	15	25	67	min	min	min	mod	no	no	no	no	36.9074814947002,42.8853887231979	0	0	0	0	0	0	0	1	b. 50-99
reach	Dahuk	Sumel	1413453691489.jpg	town	7503105509	5	14	9	8	7	38	no	no	min	mod	no	no	no	no	36.9053124012447,42.8874759206551	0	0	0	0	0	0	0	1	a. 0-49
reach	Dahuk	Sumel	1413462095712.jpg	town	7503372126	7	10	11	13	15	49	no	min	min	mod	min	min	no	no	36.9081093005657,42.8910962778253	0	0	0	0	0	0	0	1	a. 0-49
reach	Dahuk	Sumel	1413460909957.jpg	town	7503347374	9	11	14	12	12	49	min	min	min	mod	no	no	no	no	36.907171399831,42.884384303174	0	0	0	0	0	0	0	1	a. 0-49
reach	Dahuk	Sumel	1413459798847.jpg	town	7503228499	4	12	7	24	9	52	no	no	no	mod	no	no	no	no	36.9075774226856,42.8895566608629	0	0	0	0	0	0	0	1	b. 50-99
reach	Dahuk	Sumel	1413461670899.jpg	town	7507063962	7	10	10	11	13	44	min	mod	mod	mod	no	no	no	no	36.9068911729758,42.8830661961413	0	0	0	0	0	0	0	1	a. 0-49
reach	Dahuk	Sumel	1413462658158.jpg	town	7507722397	7	9	10	7	13	39	min	min	min	mod	no	no	no	no	36.9070352606766,42.8824183842159	0	0	0	0	0	0	0	1	a. 0-49
reach	Dahuk	Sumel	1413462929756.jpg	town	7503495227	7	20	9	15	6	50	min	min	min	mod	no	no	no	no	36.9070565477007,42.8821539668613	0	0	0	0	0	0	0	1	b. 50-99
reach	Dahuk	Sumel	1413461223805.jpg	town	7507766107	5	9	5	9	3	26	no	no	no	mod	no	no	no	no	36.91040123328,42.8929090102483	0	0	0	0	0	0	0	1	a. 0-49
reach	Dahuk	Dahuk	1413443299064.jpg	city_suburb	7504224490	105	135	140	180	190	645	no	min	no	mod	no	no	no	no	36.9360188134694,43.1463522591348	0	0	0	0	0	0	0	1	e. 500-2000
iom	Diyala	Khanaqin	1413530282667.jpg	city_suburb	7707896873	5	7	8	6	4	25	min	no	mod	maj	no	min	no	no	34.341359345843,45.3621210077084	0	0	0	1	0	0	0	1	a. 0-49
iom	Diyala	Khanaqin	1413531360178.jpg	city_centre	7712798140	6	6	10	13	10	39	min	no	min	mod	no	min	no	no	34.3407453541033,45.3603909949417	0	0	0	1	0	0	0	1	a. 0-49
iom	Diyala	Khanaqin	1413532685907.jpg	city_centre	7711016792	5	7	5	5	8	25	no	min	min	mod	no	no	no	no	34.3408514321981,45.3564418052656	0	0	0	1	0	0	0	1	a. 0-49
iom	Diyala	Khanaqin	1413533573006.jpg	city_centre	7708581835	5	5	5	4	4	18	mod	min	min	maj	no	no	no	no	34.3426593184265,45.3566190770543	0	0	0	1	0	0	1	1	a. 0-49
iom	Diyala	Khanaqin	1413534337002.jpg	city_centre	7716226577	6	14	11	6	3	34	no	no	min	no	no	no	no	no	34.3415271721442,45.3591493171273	0	0	0	1	0	0	0	1	a. 0-49
iom	Diyala	Khanaqin	1413535225793.jpg	city_centre	7707756587	6	5	10	12	4	31	min	min	mod	maj	no	no	no	no	34.3412292860671,45.3618941374163	0	0	0	1	0	0	0	1	a. 0-49
iom	Diyala	Khanaqin	1413536623935.jpg	city_centre	7722076293	6	5	6	5	7	23	min	mod	mod	maj	no	no	no	no	34.3434213287382,45.3653217451683	0	0	0	1	0	0	0	1	a. 0-49
iom	Diyala	Khanaqin	1413537857377.jpg	city_centre	7703537297	6	6	7	10	7	30	mod	min	mod	maj	maj	maj	no	no	34.3421568433262,45.3663897528508	1	0	0	0	1	0	0	1	a. 0-49
iom	Diyala	Khanaqin	1413542658010.jpg	city_centre	7705345800	5	8	6	4	4	22	mod	min	mod	maj	no	no	no	no	34.332681033332,45.4010493131205	0	0	0	1	0	0	0	1	a. 0-49
iom	Diyala	Khanaqin	1413546214744.jpg	city_centre	7703681620	5	5	8	5	3	21	min	no	min	maj	no	mod	no	no	34.3310391845786,45.3609042590033	0	0	0	1	0	0	0	1	a. 0-49
iom	Diyala	Khanaqin	1413551229271.jpg	city_centre	7722046998	5	6	5	3	6	20	mod	mod	mod	maj	no	min	no	no	34.3333720636614,45.3641202137754	0	0	0	1	0	0	0	1	a. 0-49
iom	Diyala	Khanaqin	1413552514797.jpg	city_centre	7722193546	5	6	7	5	5	23	min	no	mod	maj	no	no	no	no	34.3397035779811,45.3585993427232	0	0	0	1	0	0	0	1	a. 0-49
iom	Diyala	Khanaqin	1413553125112.jpg	city_suburb	7716675976	5	4	6	6	6	22	min	no	mod	maj	no	min	no	no	34.3402740970894,45.3592098934631	0	0	0	1	0	0	0	1	a. 0-49
iom	Diyala	Khanaqin	1413553651175.jpg	city_centre	7700999336	6	6	6	7	8	27	maj	mod	mod	maj	no	no	no	no	34.3409042986863,45.3583952349157	0	0	0	1	0	0	0	1	a. 0-49
iom	Diyala	Khanaqin	1413554718225.jpg	city_centre	7721815283	5	5	6	5	11	27	min	no	mod	maj	no	no	no	no	34.3436717101103,45.3588723872434	0	0	0	1	0	0	0	1	a. 0-49
iom	Diyala	Khanaqin	1413556657313.jpg	city_centre	7700922225	5	5	7	6	3	21	min	min	mod	mod	no	mod	no	no	34.3447123797938,45.3607919615579	0	0	0	1	0	0	0	1	a. 0-49
iom	Dahuk	Sumel	1413451239268.jpg	city_suburb	7503677309	5	7	7	7	5	26	no	min	no	maj	no	no	no	no	36.8620177559054,42.8106490829423	0	0	0	0	0	0	0	1	a. 0-49
iom	Dahuk	Sumel	1413452076374.jpg	city_suburb	7702829702	5	7	6	10	7	30	no	no	no	maj	min	no	no	no	36.8620827154334,42.8127159140804	0	0	0	0	0	0	1	0	a. 0-49
iom	Dahuk	Sumel	1413453769152.jpg	city_suburb	7507871355	29	41	36	28	24	129	min	min	min	maj	no	no	no	no	36.8454274192572,42.8198354768436	0	0	0	1	0	0	0	1	c. 100-249
iom	Dahuk	Sumel	1413454948967.jpg	city_suburb	7701727546	41	53	72	79	52	256	min	no	no	mod	no	no	no	no	36.8416293894923,42.8180950599563	0	0	0	1	0	0	0	1	d. 250-499
iom	Dahuk	Sumel	1413457529617.jpg	city_suburb	7507958956	27	54	53	50	47	204	min	min	min	maj	min	no	no	no	36.8398966908335,42.8192295847876	0	0	0	1	0	0	0	1	c. 100-249
iom	Dahuk	Sumel	1413460616653.jpg	city_suburb	7708395005	8	10	10	9	6	35	min	min	min	maj	no	no	no	no	36.8618321734391,42.8081583666258	0	0	0	0	0	0	0	1	a. 0-49
iom	Dahuk	Sumel	1413461679368.jpg	city_suburb	7507971825	9	10	13	13	12	48	no	no	min	mod	no	no	no	no	36.8560549056709,42.8081613387944	0	0	0	0	0	0	0	1	a. 0-49
iom	Dahuk	Sumel	1413463418414.jpg	city_suburb	7508295974	5	10	15	9	9	43	min	min	min	mod	no	no	no	no	36.8599640949041,42.8206220576563	0	0	0	0	0	0	0	1	a. 0-49
iom	Diyala	Khanaqin	1413458222559.jpg	city_suburb	7721894279	5	8	6	5	11	30	mod	min	min	maj	no	mod	maj	maj	34.3132759137182,45.3662335571197	0	0	0	1	0	0	0	1	a. 0-49
iom	Diyala	Khanaqin	1413458795390.jpg	city_suburb	7705316470	5	5	7	3	4	19	min	min	min	maj	no	mod	maj	maj	34.3134642643649,45.3666098637647	0	0	0	1	0	0	0	1	a. 0-49
iom	Diyala	Khanaqin	1413459110648.jpg	city_suburb	7705457312	5	7	6	3	2	18	mod	mod	mod	maj	mod	maj	maj	maj	34.3132898329049,45.3669354416138	0	0	0	1	0	1	0	1	a. 0-49
iom	Diyala	Khanaqin	1413463154422.jpg	city_suburb	7713048169	5	9	5	5	4	23	min	mod	min	mod	min	min	maj	maj	34.3523583699059,45.3500949901044	0	0	0	1	0	0	0	1	a. 0-49
iom	Diyala	Khanaqin	1413463818096.jpg	city_suburb	7700794349	5	6	8	6	3	23	no	no	min	min	no	no	maj	maj	34.3515380309895,45.3495152755484	0	0	0	1	0	0	0	1	a. 0-49
iom	Diyala	Khanaqin	1413463314398.jpg	city_centre	7706876277	6	8	7	6	7	28	mod	min	maj	maj	no	no	no	no	34.3520391987746,45.3508315792477	0	0	1	0	0	0	0	1	a. 0-49
frc	Dahuk	Zakho	1413443197943.jpg	city_centre	7507573117	9	15	20	27	16	78	no	no	min	min	min	no	no	no	37.1582489924655,42.6980947275755	0	0	0	1	0	0	0	0	b. 50-99
frc	Dahuk	Zakho	1413443608235.jpg	city_centre	7507780629	9	12	15	18	13	58	no	no	no	min	min	no	no	no	37.1589440957711,42.6985927771616	0	0	0	1	0	0	0	0	b. 50-99
frc	Dahuk	Zakho	1413444595169.jpg	city_centre	7503228371	14	18	19	19	15	71	min	no	min	mod	min	no	no	no	37.1670673553327,42.7047629608478	0	0	0	0	0	0	0	1	b. 50-99
frc	Dahuk	Zakho	1413445225209.jpg	city_centre	7510305090	11	20	15	13	12	60	no	no	no	min	min	no	no	no	37.1660315970697,42.7092354686255	0	0	0	1	0	0	0	1	b. 50-99
frc	Dahuk	Zakho	1413445903103.jpg	city_centre	7507868792	5	12	13	10	7	42	no	no	no	min	min	no	no	no	37.1634875527737,42.7057952470134	0	0	0	0	0	1	0	1	a. 0-49
frc	Dahuk	Zakho	1413447492218.jpg	city_centre	7508804595	8	9	9	11	15	44	min	no	no	mod	min	no	no	no	37.168771003879,42.7002632167027	0	0	0	0	0	0	0	1	a. 0-49
frc	Dahuk	Zakho	1413448232174.jpg	city_centre	7507857946	10	18	14	15	15	62	mod	no	maj	mod	min	no	no	no	37.172006779427,42.7044893878326	0	0	0	0	0	0	0	1	b. 50-99
frc	Dahuk	Zakho	1413448856535.jpg	city_centre	7501500688	9	19	17	14	12	62	min	min	no	min	min	no	no	no	37.1718675693462,42.7014986428801	0	0	0	0	0	0	0	1	b. 50-99
frc	Dahuk	Zakho	1413449956732.jpg	city_centre	7507867915	7	16	11	10	11	48	no	no	no	mod	min	no	no	no	37.1711632314429,42.70102343303	0	0	0	0	0	0	0	1	a. 0-49
iom	Sulaymaniyah	Chamchamal	1413446756000.jpg	town	7713420820	37	6	11	9	8	34	no	min	no	maj	no	no	no	no	35.5245438999202,44.8180398102955	0	0	0	0	0	1	0	0	a. 0-49
frc	Dahuk	Zakho	1413450644602.jpg	city_centre	7503341819	8	10	13	3	11	37	min	no	min	mod	min	no	no	no	37.1726625100706,42.6993597064701	0	0	0	0	0	0	0	1	a. 0-49
iom	Diyala	Khanaqin	1413474615258.jpg	city_suburb	7705348031	5	7	7	1	1	16	min	min	min	maj	min	mod	maj	maj	34.3140753010246,45.3600440107576	0	0	0	1	0	0	0	1	a. 0-49
frc	Dahuk	Zakho	1413452254247.jpg	city_centre	7508822808	11	17	16	12	18	63	no	min	no	mod	min	no	no	no	37.1735296755469,42.697552677611	0	0	0	0	0	0	0	1	b. 50-99
frc	Dahuk	Zakho	1413452900498.jpg	city_centre	7503131824	8	10	14	17	14	55	min	no	no	mod	min	no	no	no	37.176098320813,42.6976289385913	0	0	0	0	0	0	0	1	b. 50-99
